#
# There is insufficient memory for the Java Runtime Environment to continue.
# Native memory allocation (mmap) failed to map 1048576 bytes. Error detail: G1 virtual space
# Possible reasons:
#   The system is out of physical RAM or swap space
#   This process is running with CompressedOops enabled, and the Java Heap may be blocking the growth of the native heap
# Possible solutions:
#   Reduce memory load on the system
#   Increase physical memory or swap space
#   Check if swap backing store is full
#   Decrease Java heap size (-Xmx/-Xms)
#   Decrease number of Java threads
#   Decrease Java thread stack sizes (-Xss)
#   Set larger code cache with -XX:ReservedCodeCacheSize=
#   JVM is running with Unscaled Compressed Oops mode in which the Java heap is
#     placed in the first 4GB address space. The Java Heap base address is the
#     maximum limit for the native heap growth. Please use -XX:HeapBaseMinAddress
#     to set the Java Heap base and to place the Java Heap above 4GB virtual address.
# This output file may be truncated or incomplete.
#
#  Out of Memory Error (os_windows.cpp:3926), pid=10196, tid=16836
#
# JRE version: OpenJDK Runtime Environment (21.0.10) (build 21.0.10+-14961533-b1163.108)
# Java VM: OpenJDK 64-Bit Server VM (21.0.10+-14961533-b1163.108, mixed mode, tiered, compressed oops, compressed class ptrs, g1 gc, windows-amd64)
# No core dump will be written. Minidumps are not enabled by default on client versions of Windows
#

---------------  S U M M A R Y ------------

Command Line: --add-opens=java.base/java.lang=ALL-UNNAMED --add-opens=java.base/java.lang.invoke=ALL-UNNAMED --add-opens=java.base/java.util=ALL-UNNAMED --add-opens=java.prefs/java.util.prefs=ALL-UNNAMED --add-exports=jdk.compiler/com.sun.tools.javac.api=ALL-UNNAMED --add-exports=jdk.compiler/com.sun.tools.javac.util=ALL-UNNAMED --add-opens=java.base/java.util=ALL-UNNAMED --add-opens=java.prefs/java.util.prefs=ALL-UNNAMED --add-opens=java.base/java.nio.charset=ALL-UNNAMED --add-opens=java.base/java.net=ALL-UNNAMED --add-opens=java.base/java.util.concurrent=ALL-UNNAMED --add-opens=java.base/java.util.concurrent.atomic=ALL-UNNAMED --add-opens=java.xml/javax.xml.namespace=ALL-UNNAMED --add-opens=java.base/java.time=ALL-UNNAMED -Xmx2048m -Dfile.encoding=UTF-8 -Duser.country=KR -Duser.language=ko -Duser.variant -javaagent:C:\Users\82104\.gradle\wrapper\dists\gradle-9.4.1-bin\arn2x92ynaizyzdaamcbpbhtj\gradle-9.4.1\lib\agents\gradle-instrumentation-agent-9.4.1.jar org.gradle.launcher.daemon.bootstrap.GradleDaemon 9.4.1

Host: Intel(R) Core(TM) i5-8265U CPU @ 1.60GHz, 8 cores, 7G,  Windows 11 , 64 bit Build 26100 (10.0.26100.8367)
Time: Sat May 16 14:06:30 2026 elapsed time: 149.968497 seconds (0d 0h 2m 29s)

---------------  T H R E A D  ---------------

Current thread (0x000002e6c7308630):  JavaThread "ForkJoinPool.commonPool-worker-5" daemon [_thread_in_vm, id=16836, stack(0x000000ed31700000,0x000000ed31800000) (1024K)]

Stack: [0x000000ed31700000,0x000000ed31800000]
Native frames: (J=compiled Java code, j=interpreted, Vv=VM code, C=native code)
V  [jvm.dll+0x6d78a9]
V  [jvm.dll+0x8665b3]
V  [jvm.dll+0x868bde]
V  [jvm.dll+0x8692c3]
V  [jvm.dll+0x280ee6]
V  [jvm.dll+0x6d4165]
V  [jvm.dll+0x6c77fa]
V  [jvm.dll+0x358f4b]
V  [jvm.dll+0x360bc6]
V  [jvm.dll+0x3b2bab]
V  [jvm.dll+0x3b3264]
V  [jvm.dll+0x3b2db6]
V  [jvm.dll+0x32ba94]
V  [jvm.dll+0x329c2f]
V  [jvm.dll+0x669060]
V  [jvm.dll+0x240cd2]
V  [jvm.dll+0x82bfa7]
V  [jvm.dll+0x3db80a]
C  0x000002e6aff8a1f4

The last pc belongs to newarray (printed below).
Java frames: (J=compiled Java code, j=interpreted, Vv=VM code)
j  java.nio.file.Files.read(Ljava/io/InputStream;I)[B+3 java.base@21.0.10
j  java.nio.file.Files.readAllBytes(Ljava/nio/file/Path;)[B+57 java.base@21.0.10
j  org.gradle.internal.classpath.declarations.NioFileInterceptors.intercept_readAllBytes(Ljava/nio/file/Path;Ljava/lang/String;)[B+6
j  com.android.zipflinger.BytesSource.<init>(Ljava/nio/file/Path;Ljava/lang/String;I)V+8
j  com.android.zipflinger.Sources.from(Ljava/nio/file/Path;Ljava/lang/String;I)Lcom/android/zipflinger/Source;+29
j  com.android.zipflinger.Sources.from(Ljava/io/File;Ljava/lang/String;I)Lcom/android/zipflinger/Source;+6
j  com.android.builder.internal.packaging.ApkFlinger$writeFile$1.call()V+48
j  com.android.builder.internal.packaging.ApkFlinger$writeFile$1.call()Ljava/lang/Object;+1
j  java.util.concurrent.ForkJoinTask$AdaptedInterruptibleCallable.compute()Ljava/lang/Object;+4 java.base@21.0.10
j  java.util.concurrent.ForkJoinTask$InterruptibleTask.exec()Z+51 java.base@21.0.10
j  java.util.concurrent.ForkJoinTask.doExec()V+10 java.base@21.0.10
j  java.util.concurrent.ForkJoinPool$WorkQueue.topLevelExec(Ljava/util/concurrent/ForkJoinTask;Ljava/util/concurrent/ForkJoinPool$WorkQueue;I)V+49 java.base@21.0.10
j  java.util.concurrent.ForkJoinPool.scan(Ljava/util/concurrent/ForkJoinPool$WorkQueue;JI)J+245 java.base@21.0.10
j  java.util.concurrent.ForkJoinPool.runWorker(Ljava/util/concurrent/ForkJoinPool$WorkQueue;)V+62 java.base@21.0.10
j  java.util.concurrent.ForkJoinWorkerThread.run()V+31 java.base@21.0.10
v  ~StubRoutines::call_stub 0x000002e6aff7100d
newarray  188 newarray  [0x000002e6aff8a1a0, 0x000002e6aff8a278]  216 bytes
[MachCode]
  0x000002e6aff8a1a0: 8b04 2448 | 83c4 0841 | 0fb6 5501 | e805 0000 | 00e9 ab00 | 0000 4c8b | c048 8d44 | 2408 4c89 
  0x000002e6aff8a1c0: 6dc0 498b | cfc5 f877 | 4989 afb0 | 0300 0049 | 8987 a003 | 0000 4883 | ec20 40f6 | c40f 0f84 
  0x000002e6aff8a1e0: 1900 0000 | 4883 ec08 | 48b8 e0b7 | 5bc3 ff7f | 0000 ffd0 | 4883 c408 | e90c 0000 | 0048 b8e0 
  0x000002e6aff8a200: b75b c3ff | 7f00 00ff | d048 83c4 | 2049 c787 | a003 0000 | 0000 0000 | 49c7 87b0 | 0300 0000 
  0x000002e6aff8a220: 0000 0049 | c787 a803 | 0000 0000 | 0000 c5f8 | 7749 837f | 0800 0f84 | 0500 0000 | e9bf 6cfe 
  0x000002e6aff8a240: ff49 8b87 | f803 0000 | 49c7 87f8 | 0300 0000 | 0000 004c | 8b6d c04c | 8b75 c84e | 8d74 f500 
  0x000002e6aff8a260: c341 0fb6 | 5d02 4983 | c502 49ba | 90c6 dac3 | ff7f 0000 | 41ff 24da 
[/MachCode]

---------------  P R O C E S S  ---------------

Threads class SMR info:
_java_thread_list=0x000002e6c66797f0, length=71, elements={
0x000002e6a58da850, 0x000002e6bd16dd60, 0x000002e6bd1b42e0, 0x000002e6bd1e7f50,
0x000002e6bd1fa140, 0x000002e6bd1fb8d0, 0x000002e6bd1fc330, 0x000002e6bd204f60,
0x000002e6bd226fd0, 0x000002e6bd22b210, 0x000002e6bd5093f0, 0x000002e6c37ac080,
0x000002e6c470dfc0, 0x000002e6c3797620, 0x000002e6c4370240, 0x000002e6c44cbaf0,
0x000002e6c49d3ff0, 0x000002e6c49d1200, 0x000002e6c49d32d0, 0x000002e6c622b380,
0x000002e6c622cdc0, 0x000002e6c622c730, 0x000002e6c622e800, 0x000002e6c6230240,
0x000002e6c62308d0, 0x000002e6bd84c230, 0x000002e6bd84c8c0, 0x000002e6bd969080,
0x000002e6bd969710, 0x000002e6bd969da0, 0x000002e6c80e1cb0, 0x000002e6c80e29d0,
0x000002e6c622e170, 0x000002e6c622acf0, 0x000002e6c622f520, 0x000002e6bd84cf50,
0x000002e6bd84a160, 0x000002e6bd84bba0, 0x000002e6bd84d5e0, 0x000002e6bd84a7f0,
0x000002e6bd84ae80, 0x000002e6bd84b510, 0x000002e6bd96ec60, 0x000002e6bd96d8b0,
0x000002e6bd96b7e0, 0x000002e6bd970010, 0x000002e6bd96cb90, 0x000002e6c49d0b70,
0x000002e6c49d2c40, 0x000002e6c49d3960, 0x000002e6c83f4020, 0x000002e6c83f3990,
0x000002e6c83f8ee0, 0x000002e6c83f9c00, 0x000002e6c83f8850, 0x000002e6c83f81c0,
0x000002e6c83fa920, 0x000002e6c83fa290, 0x000002e6c83f9570, 0x000002e6c7db58a0,
0x000002e6c7db9a40, 0x000002e6c7db8000, 0x000002e6c7dbadf0, 0x000002e6c7304b20,
0x000002e6c7306bf0, 0x000002e6c73051b0, 0x000002e6c7307280, 0x000002e6c7303e00,
0x000002e6c7308630, 0x000002e6c7308cc0, 0x000002e6c7309350
}

Java Threads: ( => current thread )
  0x000002e6a58da850 JavaThread "main"                              [_thread_blocked, id=10456, stack(0x000000ed2c700000,0x000000ed2c800000) (1024K)]
  0x000002e6bd16dd60 JavaThread "Common-Cleaner"             daemon [_thread_blocked, id=4724, stack(0x000000ed2cf00000,0x000000ed2d000000) (1024K)]
  0x000002e6bd1b42e0 JavaThread "Reference Handler"          daemon [_thread_blocked, id=5612, stack(0x000000ed2d000000,0x000000ed2d100000) (1024K)]
  0x000002e6bd1e7f50 JavaThread "Finalizer"                  daemon [_thread_blocked, id=328, stack(0x000000ed2d100000,0x000000ed2d200000) (1024K)]
  0x000002e6bd1fa140 JavaThread "Signal Dispatcher"          daemon [_thread_blocked, id=15832, stack(0x000000ed2d200000,0x000000ed2d300000) (1024K)]
  0x000002e6bd1fb8d0 JavaThread "Attach Listener"            daemon [_thread_blocked, id=13148, stack(0x000000ed2d300000,0x000000ed2d400000) (1024K)]
  0x000002e6bd1fc330 JavaThread "Service Thread"             daemon [_thread_blocked, id=8776, stack(0x000000ed2d400000,0x000000ed2d500000) (1024K)]
  0x000002e6bd204f60 JavaThread "Monitor Deflation Thread"   daemon [_thread_blocked, id=11936, stack(0x000000ed2d500000,0x000000ed2d600000) (1024K)]
  0x000002e6bd226fd0 JavaThread "C2 CompilerThread0"         daemon [_thread_blocked, id=13764, stack(0x000000ed2d600000,0x000000ed2d700000) (1024K)]
  0x000002e6bd22b210 JavaThread "C1 CompilerThread0"         daemon [_thread_blocked, id=17104, stack(0x000000ed2d700000,0x000000ed2d800000) (1024K)]
  0x000002e6bd5093f0 JavaThread "Notification Thread"        daemon [_thread_blocked, id=16488, stack(0x000000ed2d800000,0x000000ed2d900000) (1024K)]
  0x000002e6c37ac080 JavaThread "Daemon health stats"               [_thread_blocked, id=8844, stack(0x000000ed2df00000,0x000000ed2e000000) (1024K)]
  0x000002e6c470dfc0 JavaThread "Incoming local TCP Connector on port 59439"        [_thread_in_native, id=17056, stack(0x000000ed2d900000,0x000000ed2da00000) (1024K)]
  0x000002e6c3797620 JavaThread "Daemon periodic checks"            [_thread_blocked, id=16832, stack(0x000000ed2de00000,0x000000ed2df00000) (1024K)]
  0x000002e6c4370240 JavaThread "Daemon"                            [_thread_blocked, id=14248, stack(0x000000ed2e100000,0x000000ed2e200000) (1024K)]
  0x000002e6c44cbaf0 JavaThread "Daemon worker"                     [_thread_blocked, id=15148, stack(0x000000ed2e800000,0x000000ed2e900000) (1024K)]
  0x000002e6c49d3ff0 JavaThread "Cache worker for journal cache (C:\Users\82104\.gradle\caches\journal-1)"        [_thread_blocked, id=16988, stack(0x000000ed2e000000,0x000000ed2e100000) (1024K)]
  0x000002e6c49d1200 JavaThread "File lock request listener"        [_thread_in_native, id=12164, stack(0x000000ed2ec00000,0x000000ed2ed00000) (1024K)]
  0x000002e6c49d32d0 JavaThread "Cache worker for file hash cache (C:\Users\82104\.gradle\caches\9.4.1\fileHashes)"        [_thread_blocked, id=14696, stack(0x000000ed2ee00000,0x000000ed2ef00000) (1024K)]
  0x000002e6c622b380 JavaThread "File watcher server"        daemon [_thread_in_native, id=1252, stack(0x000000ed2f200000,0x000000ed2f300000) (1024K)]
  0x000002e6c622cdc0 JavaThread "File watcher consumer"      daemon [_thread_blocked, id=11444, stack(0x000000ed2f300000,0x000000ed2f400000) (1024K)]
  0x000002e6c622c730 JavaThread "Cache worker for file content cache (C:\Users\82104\.gradle\caches\9.4.1\fileContent)"        [_thread_blocked, id=16504, stack(0x000000ed2ed00000,0x000000ed2ee00000) (1024K)]
  0x000002e6c622e800 JavaThread "jar transforms"                    [_thread_blocked, id=3108, stack(0x000000ed2f700000,0x000000ed2f800000) (1024K)]
  0x000002e6c6230240 JavaThread "jar transforms Thread 2"           [_thread_blocked, id=8964, stack(0x000000ed2f800000,0x000000ed2f900000) (1024K)]
  0x000002e6c62308d0 JavaThread "jar transforms Thread 3"           [_thread_blocked, id=3664, stack(0x000000ed2f400000,0x000000ed2f500000) (1024K)]
  0x000002e6bd84c230 JavaThread "jar transforms Thread 4"           [_thread_blocked, id=16552, stack(0x000000ed30100000,0x000000ed30200000) (1024K)]
  0x000002e6bd84c8c0 JavaThread "jar transforms Thread 5"           [_thread_blocked, id=15944, stack(0x000000ed30200000,0x000000ed30300000) (1024K)]
  0x000002e6bd969080 JavaThread "jar transforms Thread 6"           [_thread_blocked, id=4244, stack(0x000000ed30300000,0x000000ed30400000) (1024K)]
  0x000002e6bd969710 JavaThread "jar transforms Thread 7"           [_thread_blocked, id=6880, stack(0x000000ed30400000,0x000000ed30500000) (1024K)]
  0x000002e6bd969da0 JavaThread "jar transforms Thread 8"           [_thread_blocked, id=10040, stack(0x000000ed30500000,0x000000ed30600000) (1024K)]
  0x000002e6c80e1cb0 JavaThread "Memory manager"                    [_thread_blocked, id=5656, stack(0x000000ed2c600000,0x000000ed2c700000) (1024K)]
  0x000002e6c80e29d0 JavaThread "pool-3-thread-1"                   [_thread_blocked, id=15956, stack(0x000000ed30900000,0x000000ed30a00000) (1024K)]
  0x000002e6c622e170 JavaThread "Handler for socket connection from /127.0.0.1:59439 to /127.0.0.1:59520"        [_thread_in_native, id=1796, stack(0x000000ed2c400000,0x000000ed2c500000) (1024K)]
  0x000002e6c622acf0 JavaThread "Cancel handler"                    [_thread_blocked, id=2100, stack(0x000000ed2e200000,0x000000ed2e300000) (1024K)]
  0x000002e6c622f520 JavaThread "Asynchronous log dispatcher for DefaultDaemonConnection: socket connection from /127.0.0.1:59439 to /127.0.0.1:59520"        [_thread_blocked, id=15244, stack(0x000000ed2e300000,0x000000ed2e400000) (1024K)]
  0x000002e6bd84cf50 JavaThread "Stdin handler"                     [_thread_blocked, id=1968, stack(0x000000ed2e900000,0x000000ed2ea00000) (1024K)]
  0x000002e6bd84a160 JavaThread "Daemon client event forwarder"        [_thread_blocked, id=6060, stack(0x000000ed2ea00000,0x000000ed2eb00000) (1024K)]
  0x000002e6bd84bba0 JavaThread "Cache worker for file hash cache (C:\soboroskin\.gradle\9.4.1\fileHashes)"        [_thread_blocked, id=6716, stack(0x000000ed2eb00000,0x000000ed2ec00000) (1024K)]
  0x000002e6bd84d5e0 JavaThread "Cache worker for Build Output Cleanup Cache (C:\soboroskin\.gradle\buildOutputCleanup)"        [_thread_blocked, id=12300, stack(0x000000ed2ef00000,0x000000ed2f000000) (1024K)]
  0x000002e6bd84a7f0 JavaThread "Cache worker for checksums cache (C:\soboroskin\.gradle\9.4.1\checksums)"        [_thread_blocked, id=16776, stack(0x000000ed2f000000,0x000000ed2f100000) (1024K)]
  0x000002e6bd84ae80 JavaThread "Cache worker for cache directory md-supplier (C:\Users\82104\.gradle\caches\9.4.1\md-supplier)"        [_thread_blocked, id=8752, stack(0x000000ed2f100000,0x000000ed2f200000) (1024K)]
  0x000002e6bd84b510 JavaThread "Cache worker for cache directory md-rule (C:\Users\82104\.gradle\caches\9.4.1\md-rule)"        [_thread_blocked, id=15636, stack(0x000000ed2f500000,0x000000ed2f600000) (1024K)]
  0x000002e6bd96ec60 JavaThread "Build operations"                  [_thread_blocked, id=17360, stack(0x000000ed2f600000,0x000000ed2f700000) (1024K)]
  0x000002e6bd96d8b0 JavaThread "Build operations Thread 2"         [_thread_blocked, id=14124, stack(0x000000ed2f900000,0x000000ed2fa00000) (1024K)]
  0x000002e6bd96b7e0 JavaThread "Build operations Thread 3"         [_thread_blocked, id=2088, stack(0x000000ed2fa00000,0x000000ed2fb00000) (1024K)]
  0x000002e6bd970010 JavaThread "Build operations Thread 4"         [_thread_blocked, id=6072, stack(0x000000ed2fb00000,0x000000ed2fc00000) (1024K)]
  0x000002e6bd96cb90 JavaThread "Build operations Thread 5"         [_thread_blocked, id=12176, stack(0x000000ed2fc00000,0x000000ed2fd00000) (1024K)]
  0x000002e6c49d0b70 JavaThread "Build operations Thread 6"         [_thread_blocked, id=12212, stack(0x000000ed2fd00000,0x000000ed2fe00000) (1024K)]
  0x000002e6c49d2c40 JavaThread "Build operations Thread 7"         [_thread_blocked, id=15256, stack(0x000000ed2fe00000,0x000000ed2ff00000) (1024K)]
  0x000002e6c49d3960 JavaThread "Build operations Thread 8"         [_thread_blocked, id=14596, stack(0x000000ed2ff00000,0x000000ed30000000) (1024K)]
  0x000002e6c83f4020 JavaThread "build event listener"              [_thread_blocked, id=3584, stack(0x000000ed30600000,0x000000ed30700000) (1024K)]
  0x000002e6c83f3990 JavaThread "build event listener"              [_thread_blocked, id=5880, stack(0x000000ed30000000,0x000000ed30100000) (1024K)]
  0x000002e6c83f8ee0 JavaThread "pool-6-thread-1"                   [_thread_blocked, id=13740, stack(0x000000ed30800000,0x000000ed30900000) (1024K)]
  0x000002e6c83f9c00 JavaThread "build event listener"              [_thread_blocked, id=12416, stack(0x000000ed30a00000,0x000000ed30b00000) (1024K)]
  0x000002e6c83f8850 JavaThread "included builds"                   [_thread_blocked, id=7600, stack(0x000000ed30b00000,0x000000ed30c00000) (1024K)]
  0x000002e6c83f81c0 JavaThread "Execution worker"                  [_thread_blocked, id=12324, stack(0x000000ed30c00000,0x000000ed30d00000) (1024K)]
  0x000002e6c83fa920 JavaThread "Execution worker Thread 2"         [_thread_blocked, id=9968, stack(0x000000ed30d00000,0x000000ed30e00000) (1024K)]
  0x000002e6c83fa290 JavaThread "Execution worker Thread 3"         [_thread_blocked, id=16140, stack(0x000000ed30e00000,0x000000ed30f00000) (1024K)]
  0x000002e6c83f9570 JavaThread "Execution worker Thread 4"         [_thread_blocked, id=17132, stack(0x000000ed30f00000,0x000000ed31000000) (1024K)]
  0x000002e6c7db58a0 JavaThread "Execution worker Thread 5"         [_thread_blocked, id=12636, stack(0x000000ed31000000,0x000000ed31100000) (1024K)]
  0x000002e6c7db9a40 JavaThread "Execution worker Thread 6"         [_thread_blocked, id=11732, stack(0x000000ed31100000,0x000000ed31200000) (1024K)]
  0x000002e6c7db8000 JavaThread "Execution worker Thread 7"         [_thread_blocked, id=16808, stack(0x000000ed31200000,0x000000ed31300000) (1024K)]
  0x000002e6c7dbadf0 JavaThread "Cache worker for execution history cache (C:\soboroskin\.gradle\9.4.1\executionHistory)"        [_thread_blocked, id=12936, stack(0x000000ed31300000,0x000000ed31400000) (1024K)]
  0x000002e6c7304b20 JavaThread "WorkerExecutor Queue"              [_thread_blocked, id=8940, stack(0x000000ed2c500000,0x000000ed2c600000) (1024K)]
  0x000002e6c7306bf0 JavaThread "ForkJoinPool.commonPool-worker-1" daemon [_thread_blocked, id=7400, stack(0x000000ed30700000,0x000000ed30800000) (1024K)]
  0x000002e6c73051b0 JavaThread "ForkJoinPool.commonPool-worker-2" daemon [_thread_blocked, id=6028, stack(0x000000ed31400000,0x000000ed31500000) (1024K)]
  0x000002e6c7307280 JavaThread "ForkJoinPool.commonPool-worker-3" daemon [_thread_blocked, id=10984, stack(0x000000ed31500000,0x000000ed31600000) (1024K)]
  0x000002e6c7303e00 JavaThread "ForkJoinPool.commonPool-worker-4" daemon [_thread_blocked, id=6088, stack(0x000000ed31600000,0x000000ed31700000) (1024K)]
=>0x000002e6c7308630 JavaThread "ForkJoinPool.commonPool-worker-5" daemon [_thread_in_vm, id=16836, stack(0x000000ed31700000,0x000000ed31800000) (1024K)]
  0x000002e6c7308cc0 JavaThread "ForkJoinPool.commonPool-worker-6" daemon [_thread_blocked, id=6864, stack(0x000000ed31800000,0x000000ed31900000) (1024K)]
  0x000002e6c7309350 JavaThread "ForkJoinPool.commonPool-worker-7" daemon [_thread_blocked, id=17252, stack(0x000000ed31900000,0x000000ed31a00000) (1024K)]
Total: 71

Other Threads:
  0x000002e6bd13d060 VMThread "VM Thread"                           [id=6328, stack(0x000000ed2ce00000,0x000000ed2cf00000) (1024K)]
  0x000002e6bcf87c10 WatcherThread "VM Periodic Task Thread"        [id=13688, stack(0x000000ed2cd00000,0x000000ed2ce00000) (1024K)]
  0x000002e6a5933100 WorkerThread "GC Thread#0"                     [id=15452, stack(0x000000ed2c800000,0x000000ed2c900000) (1024K)]
  0x000002e6c258a090 WorkerThread "GC Thread#1"                     [id=17212, stack(0x000000ed2da00000,0x000000ed2db00000) (1024K)]
  0x000002e6c258a850 WorkerThread "GC Thread#2"                     [id=2396, stack(0x000000ed2db00000,0x000000ed2dc00000) (1024K)]
  0x000002e6c2687e30 WorkerThread "GC Thread#3"                     [id=10088, stack(0x000000ed2dc00000,0x000000ed2dd00000) (1024K)]
  0x000002e6c2642e50 WorkerThread "GC Thread#4"                     [id=8916, stack(0x000000ed2dd00000,0x000000ed2de00000) (1024K)]
  0x000002e6c45072d0 WorkerThread "GC Thread#5"                     [id=6948, stack(0x000000ed2e400000,0x000000ed2e500000) (1024K)]
  0x000002e6c4506f20 WorkerThread "GC Thread#6"                     [id=16156, stack(0x000000ed2e500000,0x000000ed2e600000) (1024K)]
  0x000002e6c4506410 WorkerThread "GC Thread#7"                     [id=5032, stack(0x000000ed2e600000,0x000000ed2e700000) (1024K)]
  0x000002e6a59452e0 ConcurrentGCThread "G1 Main Marker"            [id=13124, stack(0x000000ed2c900000,0x000000ed2ca00000) (1024K)]
  0x000002e6a5947720 WorkerThread "G1 Conc#0"                       [id=100, stack(0x000000ed2ca00000,0x000000ed2cb00000) (1024K)]
  0x000002e6c4507a30 WorkerThread "G1 Conc#1"                       [id=7120, stack(0x000000ed2e700000,0x000000ed2e800000) (1024K)]
  0x000002e6bce59450 ConcurrentGCThread "G1 Refine#0"               [id=17000, stack(0x000000ed2cb00000,0x000000ed2cc00000) (1024K)]
  0x000002e6bce5ac90 ConcurrentGCThread "G1 Service"                [id=13708, stack(0x000000ed2cc00000,0x000000ed2cd00000) (1024K)]
Total: 15

Threads with active compile tasks:
Total: 0

VM state: not at safepoint (normal execution)

VM Mutex/Monitor currently owned by a thread:  ([mutex/lock_event])
[0x00007fffc3d987d0] Heap_lock - owner thread: 0x000002e6c7308630

Heap address: 0x0000000080000000, size: 2048 MB, Compressed Oops mode: 32-bit

CDS archive(s) not mapped
Compressed class space mapped at: 0x0000000100000000-0x0000000140000000, reserved size: 1073741824
Narrow klass base: 0x0000000000000000, Narrow klass shift: 3, Narrow klass range: 0x140000000

GC Precious Log:
 CardTable entry size: 512
 Card Set container configuration: InlinePtr #cards 5 size 8 Array Of Cards #cards 12 size 40 Howl #buckets 4 coarsen threshold 1843 Howl Bitmap #cards 512 size 80 coarsen threshold 460 Card regions per heap region 1 cards per card region 2048
 CPUs: 8 total, 8 available
 Memory: 7986M
 Large Page Support: Disabled
 NUMA Support: Disabled
 Compressed Oops: Enabled (32-bit)
 Heap Region Size: 1M
 Heap Min Capacity: 8M
 Heap Initial Capacity: 126M
 Heap Max Capacity: 2G
 Pre-touch: Disabled
 Parallel Workers: 8
 Concurrent Workers: 2
 Concurrent Refinement Workers: 8
 Periodic GC: Disabled

Heap:
 garbage-first heap   total 441344K, used 399911K [0x0000000080000000, 0x0000000100000000)
  region size 1024K, 16 young (16384K), 10 survivors (10240K)
 Metaspace       used 134996K, committed 137408K, reserved 1179648K
  class space    used 18484K, committed 19648K, reserved 1048576K

Heap Regions: E=young(eden), S=young(survivor), O=old, HS=humongous(starts), HC=humongous(continues), CS=collection set, F=free, TAMS=top-at-mark-start, PB=parsable bottom
|   0|0x0000000080000000, 0x0000000080100000, 0x0000000080100000|100%|HS|  |TAMS 0x0000000080000000| PB 0x0000000080000000| Complete 
|   1|0x0000000080100000, 0x0000000080200000, 0x0000000080200000|100%|HC|  |TAMS 0x0000000080100000| PB 0x0000000080100000| Complete 
|   2|0x0000000080200000, 0x0000000080300000, 0x0000000080300000|100%|HC|  |TAMS 0x0000000080200000| PB 0x0000000080200000| Complete 
|   3|0x0000000080300000, 0x0000000080400000, 0x0000000080400000|100%|HC|  |TAMS 0x0000000080300000| PB 0x0000000080300000| Complete 
|   4|0x0000000080400000, 0x0000000080500000, 0x0000000080500000|100%| O|  |TAMS 0x0000000080400000| PB 0x0000000080400000| Untracked 
|   5|0x0000000080500000, 0x0000000080600000, 0x0000000080600000|100%| O|  |TAMS 0x0000000080500000| PB 0x0000000080500000| Untracked 
|   6|0x0000000080600000, 0x0000000080700000, 0x0000000080700000|100%| O|  |TAMS 0x0000000080600000| PB 0x0000000080600000| Untracked 
|   7|0x0000000080700000, 0x0000000080800000, 0x0000000080800000|100%| O|  |TAMS 0x0000000080700000| PB 0x0000000080700000| Untracked 
|   8|0x0000000080800000, 0x0000000080900000, 0x0000000080900000|100%| O|  |TAMS 0x0000000080800000| PB 0x0000000080800000| Untracked 
|   9|0x0000000080900000, 0x0000000080a00000, 0x0000000080a00000|100%| O|  |TAMS 0x0000000080900000| PB 0x0000000080900000| Untracked 
|  10|0x0000000080a00000, 0x0000000080b00000, 0x0000000080b00000|100%| O|  |TAMS 0x0000000080a00000| PB 0x0000000080a00000| Untracked 
|  11|0x0000000080b00000, 0x0000000080c00000, 0x0000000080c00000|100%|HS|  |TAMS 0x0000000080b00000| PB 0x0000000080b00000| Complete 
|  12|0x0000000080c00000, 0x0000000080d00000, 0x0000000080d00000|100%| O|  |TAMS 0x0000000080c00000| PB 0x0000000080c00000| Untracked 
|  13|0x0000000080d00000, 0x0000000080e00000, 0x0000000080e00000|100%| O|  |TAMS 0x0000000080d00000| PB 0x0000000080d00000| Untracked 
|  14|0x0000000080e00000, 0x0000000080f00000, 0x0000000080f00000|100%| O|  |TAMS 0x0000000080e00000| PB 0x0000000080e00000| Untracked 
|  15|0x0000000080f00000, 0x0000000081000000, 0x0000000081000000|100%| O|  |TAMS 0x0000000080f00000| PB 0x0000000080f00000| Untracked 
|  16|0x0000000081000000, 0x0000000081100000, 0x0000000081100000|100%| O|  |TAMS 0x0000000081000000| PB 0x0000000081000000| Untracked 
|  17|0x0000000081100000, 0x0000000081200000, 0x0000000081200000|100%| O|  |TAMS 0x0000000081100000| PB 0x0000000081100000| Untracked 
|  18|0x0000000081200000, 0x0000000081300000, 0x0000000081300000|100%| O|  |TAMS 0x0000000081200000| PB 0x0000000081200000| Untracked 
|  19|0x0000000081300000, 0x0000000081400000, 0x0000000081400000|100%| O|  |TAMS 0x0000000081300000| PB 0x0000000081300000| Untracked 
|  20|0x0000000081400000, 0x0000000081500000, 0x0000000081500000|100%| O|  |TAMS 0x0000000081400000| PB 0x0000000081400000| Untracked 
|  21|0x0000000081500000, 0x0000000081600000, 0x0000000081600000|100%| O|  |TAMS 0x0000000081500000| PB 0x0000000081500000| Untracked 
|  22|0x0000000081600000, 0x0000000081700000, 0x0000000081700000|100%| O|  |TAMS 0x0000000081600000| PB 0x0000000081600000| Untracked 
|  23|0x0000000081700000, 0x0000000081800000, 0x0000000081800000|100%| O|  |TAMS 0x0000000081700000| PB 0x0000000081700000| Untracked 
|  24|0x0000000081800000, 0x0000000081900000, 0x0000000081900000|100%| O|  |TAMS 0x0000000081800000| PB 0x0000000081800000| Untracked 
|  25|0x0000000081900000, 0x0000000081a00000, 0x0000000081a00000|100%| O|  |TAMS 0x0000000081900000| PB 0x0000000081900000| Untracked 
|  26|0x0000000081a00000, 0x0000000081b00000, 0x0000000081b00000|100%| O|  |TAMS 0x0000000081a00000| PB 0x0000000081a00000| Untracked 
|  27|0x0000000081b00000, 0x0000000081c00000, 0x0000000081c00000|100%| O|  |TAMS 0x0000000081b00000| PB 0x0000000081b00000| Untracked 
|  28|0x0000000081c00000, 0x0000000081d00000, 0x0000000081d00000|100%| O|  |TAMS 0x0000000081c00000| PB 0x0000000081c00000| Untracked 
|  29|0x0000000081d00000, 0x0000000081e00000, 0x0000000081e00000|100%| O|  |TAMS 0x0000000081d00000| PB 0x0000000081d00000| Untracked 
|  30|0x0000000081e00000, 0x0000000081f00000, 0x0000000081f00000|100%|HS|  |TAMS 0x0000000081e00000| PB 0x0000000081e00000| Complete 
|  31|0x0000000081f00000, 0x0000000082000000, 0x0000000082000000|100%|HC|  |TAMS 0x0000000081f00000| PB 0x0000000081f00000| Complete 
|  32|0x0000000082000000, 0x0000000082100000, 0x0000000082100000|100%| O|  |TAMS 0x0000000082000000| PB 0x0000000082000000| Untracked 
|  33|0x0000000082100000, 0x0000000082200000, 0x0000000082200000|100%| O|Cm|TAMS 0x0000000082100000| PB 0x0000000082100000| Complete 
|  34|0x0000000082200000, 0x0000000082300000, 0x0000000082300000|100%| O|  |TAMS 0x0000000082200000| PB 0x0000000082200000| Untracked 
|  35|0x0000000082300000, 0x0000000082400000, 0x0000000082400000|100%| O|  |TAMS 0x0000000082300000| PB 0x0000000082300000| Untracked 
|  36|0x0000000082400000, 0x0000000082500000, 0x0000000082500000|100%| O|  |TAMS 0x0000000082400000| PB 0x0000000082400000| Untracked 
|  37|0x0000000082500000, 0x0000000082600000, 0x0000000082600000|100%| O|  |TAMS 0x0000000082500000| PB 0x0000000082500000| Untracked 
|  38|0x0000000082600000, 0x0000000082700000, 0x0000000082700000|100%|HS|  |TAMS 0x0000000082600000| PB 0x0000000082600000| Complete 
|  39|0x0000000082700000, 0x0000000082800000, 0x0000000082800000|100%| O|  |TAMS 0x0000000082700000| PB 0x0000000082700000| Untracked 
|  40|0x0000000082800000, 0x0000000082900000, 0x0000000082900000|100%|HS|  |TAMS 0x0000000082800000| PB 0x0000000082800000| Complete 
|  41|0x0000000082900000, 0x0000000082a00000, 0x0000000082a00000|100%| O|  |TAMS 0x0000000082900000| PB 0x0000000082900000| Untracked 
|  42|0x0000000082a00000, 0x0000000082b00000, 0x0000000082b00000|100%| O|  |TAMS 0x0000000082a00000| PB 0x0000000082a00000| Untracked 
|  43|0x0000000082b00000, 0x0000000082c00000, 0x0000000082c00000|100%| O|  |TAMS 0x0000000082b00000| PB 0x0000000082b00000| Untracked 
|  44|0x0000000082c00000, 0x0000000082d00000, 0x0000000082d00000|100%| O|  |TAMS 0x0000000082c00000| PB 0x0000000082c00000| Untracked 
|  45|0x0000000082d00000, 0x0000000082e00000, 0x0000000082e00000|100%| O|  |TAMS 0x0000000082d00000| PB 0x0000000082d00000| Untracked 
|  46|0x0000000082e00000, 0x0000000082f00000, 0x0000000082f00000|100%| O|Cm|TAMS 0x0000000082e00000| PB 0x0000000082e00000| Complete 
|  47|0x0000000082f00000, 0x0000000083000000, 0x0000000083000000|100%| O|  |TAMS 0x0000000082f00000| PB 0x0000000082f00000| Untracked 
|  48|0x0000000083000000, 0x0000000083100000, 0x0000000083100000|100%| O|  |TAMS 0x0000000083000000| PB 0x0000000083000000| Untracked 
|  49|0x0000000083100000, 0x0000000083200000, 0x0000000083200000|100%| O|  |TAMS 0x0000000083100000| PB 0x0000000083100000| Untracked 
|  50|0x0000000083200000, 0x0000000083300000, 0x0000000083300000|100%| O|  |TAMS 0x0000000083200000| PB 0x0000000083200000| Untracked 
|  51|0x0000000083300000, 0x0000000083400000, 0x0000000083400000|100%| O|  |TAMS 0x0000000083300000| PB 0x0000000083300000| Untracked 
|  52|0x0000000083400000, 0x0000000083500000, 0x0000000083500000|100%| O|  |TAMS 0x0000000083400000| PB 0x0000000083400000| Untracked 
|  53|0x0000000083500000, 0x0000000083600000, 0x0000000083600000|100%| O|  |TAMS 0x0000000083500000| PB 0x0000000083500000| Untracked 
|  54|0x0000000083600000, 0x0000000083700000, 0x0000000083700000|100%|HS|  |TAMS 0x0000000083600000| PB 0x0000000083600000| Complete 
|  55|0x0000000083700000, 0x0000000083800000, 0x0000000083800000|100%|HC|  |TAMS 0x0000000083700000| PB 0x0000000083700000| Complete 
|  56|0x0000000083800000, 0x0000000083900000, 0x0000000083900000|100%|HS|  |TAMS 0x0000000083800000| PB 0x0000000083800000| Complete 
|  57|0x0000000083900000, 0x0000000083a00000, 0x0000000083a00000|100%| O|  |TAMS 0x0000000083900000| PB 0x0000000083900000| Untracked 
|  58|0x0000000083a00000, 0x0000000083b00000, 0x0000000083b00000|100%| O|  |TAMS 0x0000000083a00000| PB 0x0000000083a00000| Untracked 
|  59|0x0000000083b00000, 0x0000000083c00000, 0x0000000083c00000|100%| O|  |TAMS 0x0000000083b00000| PB 0x0000000083b00000| Untracked 
|  60|0x0000000083c00000, 0x0000000083d00000, 0x0000000083d00000|100%|HS|  |TAMS 0x0000000083c00000| PB 0x0000000083c00000| Complete 
|  61|0x0000000083d00000, 0x0000000083e00000, 0x0000000083e00000|100%|HC|  |TAMS 0x0000000083d00000| PB 0x0000000083d00000| Complete 
|  62|0x0000000083e00000, 0x0000000083f00000, 0x0000000083f00000|100%|HS|  |TAMS 0x0000000083e00000| PB 0x0000000083e00000| Complete 
|  63|0x0000000083f00000, 0x0000000084000000, 0x0000000084000000|100%| O|  |TAMS 0x0000000083f00000| PB 0x0000000083f00000| Untracked 
|  64|0x0000000084000000, 0x0000000084100000, 0x0000000084100000|100%|HS|  |TAMS 0x0000000084000000| PB 0x0000000084000000| Complete 
|  65|0x0000000084100000, 0x0000000084200000, 0x0000000084200000|100%|HS|  |TAMS 0x0000000084100000| PB 0x0000000084100000| Complete 
|  66|0x0000000084200000, 0x0000000084300000, 0x0000000084300000|100%| O|  |TAMS 0x0000000084200000| PB 0x0000000084200000| Untracked 
|  67|0x0000000084300000, 0x0000000084400000, 0x0000000084400000|100%| O|  |TAMS 0x0000000084300000| PB 0x0000000084300000| Untracked 
|  68|0x0000000084400000, 0x0000000084500000, 0x0000000084500000|100%| O|  |TAMS 0x0000000084400000| PB 0x0000000084400000| Untracked 
|  69|0x0000000084500000, 0x0000000084600000, 0x0000000084600000|100%| O|  |TAMS 0x0000000084500000| PB 0x0000000084500000| Untracked 
|  70|0x0000000084600000, 0x0000000084700000, 0x0000000084700000|100%| O|  |TAMS 0x0000000084600000| PB 0x0000000084600000| Untracked 
|  71|0x0000000084700000, 0x0000000084800000, 0x0000000084800000|100%| O|  |TAMS 0x0000000084700000| PB 0x0000000084700000| Untracked 
|  72|0x0000000084800000, 0x0000000084900000, 0x0000000084900000|100%|HS|  |TAMS 0x0000000084800000| PB 0x0000000084800000| Complete 
|  73|0x0000000084900000, 0x0000000084a00000, 0x0000000084a00000|100%| O|Cm|TAMS 0x0000000084900000| PB 0x0000000084900000| Complete 
|  74|0x0000000084a00000, 0x0000000084b00000, 0x0000000084b00000|100%| O|  |TAMS 0x0000000084a00000| PB 0x0000000084a00000| Untracked 
|  75|0x0000000084b00000, 0x0000000084c00000, 0x0000000084c00000|100%| O|  |TAMS 0x0000000084b00000| PB 0x0000000084b00000| Untracked 
|  76|0x0000000084c00000, 0x0000000084d00000, 0x0000000084d00000|100%| O|  |TAMS 0x0000000084c00000| PB 0x0000000084c00000| Untracked 
|  77|0x0000000084d00000, 0x0000000084e00000, 0x0000000084e00000|100%| O|  |TAMS 0x0000000084d00000| PB 0x0000000084d00000| Untracked 
|  78|0x0000000084e00000, 0x0000000084f00000, 0x0000000084f00000|100%| O|  |TAMS 0x0000000084e00000| PB 0x0000000084e00000| Untracked 
|  79|0x0000000084f00000, 0x0000000085000000, 0x0000000085000000|100%| O|  |TAMS 0x0000000084f00000| PB 0x0000000084f00000| Untracked 
|  80|0x0000000085000000, 0x0000000085100000, 0x0000000085100000|100%| O|  |TAMS 0x0000000085000000| PB 0x0000000085000000| Untracked 
|  81|0x0000000085100000, 0x0000000085200000, 0x0000000085200000|100%| O|  |TAMS 0x0000000085100000| PB 0x0000000085100000| Untracked 
|  82|0x0000000085200000, 0x0000000085300000, 0x0000000085300000|100%| O|  |TAMS 0x0000000085200000| PB 0x0000000085200000| Untracked 
|  83|0x0000000085300000, 0x0000000085400000, 0x0000000085400000|100%| O|  |TAMS 0x0000000085300000| PB 0x0000000085300000| Untracked 
|  84|0x0000000085400000, 0x0000000085500000, 0x0000000085500000|100%| O|  |TAMS 0x0000000085400000| PB 0x0000000085400000| Untracked 
|  85|0x0000000085500000, 0x0000000085600000, 0x0000000085600000|100%| O|  |TAMS 0x0000000085500000| PB 0x0000000085500000| Untracked 
|  86|0x0000000085600000, 0x0000000085700000, 0x0000000085700000|100%| O|  |TAMS 0x0000000085600000| PB 0x0000000085600000| Untracked 
|  87|0x0000000085700000, 0x0000000085800000, 0x0000000085800000|100%| O|Cm|TAMS 0x0000000085700000| PB 0x0000000085700000| Complete 
|  88|0x0000000085800000, 0x0000000085900000, 0x0000000085900000|100%| O|  |TAMS 0x0000000085800000| PB 0x0000000085800000| Untracked 
|  89|0x0000000085900000, 0x0000000085a00000, 0x0000000085a00000|100%| O|  |TAMS 0x0000000085900000| PB 0x0000000085900000| Untracked 
|  90|0x0000000085a00000, 0x0000000085b00000, 0x0000000085b00000|100%| O|  |TAMS 0x0000000085a00000| PB 0x0000000085a00000| Untracked 
|  91|0x0000000085b00000, 0x0000000085c00000, 0x0000000085c00000|100%| O|  |TAMS 0x0000000085b00000| PB 0x0000000085b00000| Untracked 
|  92|0x0000000085c00000, 0x0000000085d00000, 0x0000000085d00000|100%| O|  |TAMS 0x0000000085c00000| PB 0x0000000085c00000| Untracked 
|  93|0x0000000085d00000, 0x0000000085e00000, 0x0000000085e00000|100%| O|  |TAMS 0x0000000085d00000| PB 0x0000000085d00000| Untracked 
|  94|0x0000000085e00000, 0x0000000085f00000, 0x0000000085f00000|100%| O|  |TAMS 0x0000000085e00000| PB 0x0000000085e00000| Untracked 
|  95|0x0000000085f00000, 0x0000000086000000, 0x0000000086000000|100%| O|  |TAMS 0x0000000085f00000| PB 0x0000000085f00000| Untracked 
|  96|0x0000000086000000, 0x0000000086100000, 0x0000000086100000|100%| O|  |TAMS 0x0000000086000000| PB 0x0000000086000000| Untracked 
|  97|0x0000000086100000, 0x0000000086200000, 0x0000000086200000|100%| O|  |TAMS 0x0000000086100000| PB 0x0000000086100000| Untracked 
|  98|0x0000000086200000, 0x0000000086300000, 0x0000000086300000|100%| O|  |TAMS 0x0000000086200000| PB 0x0000000086200000| Untracked 
|  99|0x0000000086300000, 0x0000000086400000, 0x0000000086400000|100%| O|  |TAMS 0x0000000086300000| PB 0x0000000086300000| Untracked 
| 100|0x0000000086400000, 0x0000000086500000, 0x0000000086500000|100%| O|  |TAMS 0x0000000086400000| PB 0x0000000086400000| Untracked 
| 101|0x0000000086500000, 0x0000000086600000, 0x0000000086600000|100%| O|  |TAMS 0x0000000086500000| PB 0x0000000086500000| Untracked 
| 102|0x0000000086600000, 0x0000000086700000, 0x0000000086700000|100%| O|  |TAMS 0x0000000086600000| PB 0x0000000086600000| Untracked 
| 103|0x0000000086700000, 0x0000000086800000, 0x0000000086800000|100%| O|  |TAMS 0x0000000086700000| PB 0x0000000086700000| Untracked 
| 104|0x0000000086800000, 0x0000000086900000, 0x0000000086900000|100%| O|  |TAMS 0x0000000086800000| PB 0x0000000086800000| Untracked 
| 105|0x0000000086900000, 0x0000000086a00000, 0x0000000086a00000|100%| O|  |TAMS 0x0000000086900000| PB 0x0000000086900000| Untracked 
| 106|0x0000000086a00000, 0x0000000086b00000, 0x0000000086b00000|100%| O|  |TAMS 0x0000000086a00000| PB 0x0000000086a00000| Untracked 
| 107|0x0000000086b00000, 0x0000000086c00000, 0x0000000086c00000|100%| O|  |TAMS 0x0000000086b00000| PB 0x0000000086b00000| Untracked 
| 108|0x0000000086c00000, 0x0000000086d00000, 0x0000000086d00000|100%| O|  |TAMS 0x0000000086c00000| PB 0x0000000086c00000| Untracked 
| 109|0x0000000086d00000, 0x0000000086e00000, 0x0000000086e00000|100%| O|  |TAMS 0x0000000086d00000| PB 0x0000000086d00000| Untracked 
| 110|0x0000000086e00000, 0x0000000086f00000, 0x0000000086f00000|100%| O|  |TAMS 0x0000000086e00000| PB 0x0000000086e00000| Untracked 
| 111|0x0000000086f00000, 0x0000000087000000, 0x0000000087000000|100%| O|  |TAMS 0x0000000086f00000| PB 0x0000000086f00000| Untracked 
| 112|0x0000000087000000, 0x0000000087100000, 0x0000000087100000|100%| O|  |TAMS 0x0000000087000000| PB 0x0000000087000000| Untracked 
| 113|0x0000000087100000, 0x0000000087200000, 0x0000000087200000|100%| O|  |TAMS 0x0000000087100000| PB 0x0000000087100000| Untracked 
| 114|0x0000000087200000, 0x0000000087300000, 0x0000000087300000|100%| O|  |TAMS 0x0000000087200000| PB 0x0000000087200000| Untracked 
| 115|0x0000000087300000, 0x0000000087400000, 0x0000000087400000|100%| O|  |TAMS 0x0000000087300000| PB 0x0000000087300000| Untracked 
| 116|0x0000000087400000, 0x0000000087500000, 0x0000000087500000|100%| O|  |TAMS 0x0000000087400000| PB 0x0000000087400000| Untracked 
| 117|0x0000000087500000, 0x0000000087600000, 0x0000000087600000|100%| O|  |TAMS 0x0000000087500000| PB 0x0000000087500000| Untracked 
| 118|0x0000000087600000, 0x0000000087700000, 0x0000000087700000|100%| O|  |TAMS 0x0000000087600000| PB 0x0000000087600000| Untracked 
| 119|0x0000000087700000, 0x0000000087800000, 0x0000000087800000|100%| O|  |TAMS 0x0000000087700000| PB 0x0000000087700000| Untracked 
| 120|0x0000000087800000, 0x0000000087892770, 0x0000000087900000| 57%| O|  |TAMS 0x0000000087800000| PB 0x0000000087800000| Untracked 
| 121|0x0000000087900000, 0x0000000087a00000, 0x0000000087a00000|100%| O|  |TAMS 0x0000000087900000| PB 0x0000000087900000| Untracked 
| 122|0x0000000087a00000, 0x0000000087b00000, 0x0000000087b00000|100%| O|  |TAMS 0x0000000087a00000| PB 0x0000000087a00000| Untracked 
| 123|0x0000000087b00000, 0x0000000087c00000, 0x0000000087c00000|100%| O|  |TAMS 0x0000000087b00000| PB 0x0000000087b00000| Untracked 
| 124|0x0000000087c00000, 0x0000000087d00000, 0x0000000087d00000|100%| O|  |TAMS 0x0000000087c00000| PB 0x0000000087c00000| Untracked 
| 125|0x0000000087d00000, 0x0000000087e00000, 0x0000000087e00000|100%| O|Cm|TAMS 0x0000000087d00000| PB 0x0000000087d00000| Complete 
| 126|0x0000000087e00000, 0x0000000087f00000, 0x0000000087f00000|100%| O|  |TAMS 0x0000000087e00000| PB 0x0000000087e00000| Untracked 
| 127|0x0000000087f00000, 0x0000000088000000, 0x0000000088000000|100%| O|  |TAMS 0x0000000087f00000| PB 0x0000000087f00000| Untracked 
| 128|0x0000000088000000, 0x0000000088100000, 0x0000000088100000|100%| O|  |TAMS 0x0000000088000000| PB 0x0000000088000000| Untracked 
| 129|0x0000000088100000, 0x0000000088200000, 0x0000000088200000|100%| O|  |TAMS 0x0000000088100000| PB 0x0000000088100000| Untracked 
| 130|0x0000000088200000, 0x0000000088300000, 0x0000000088300000|100%| O|  |TAMS 0x0000000088200000| PB 0x0000000088200000| Untracked 
| 131|0x0000000088300000, 0x0000000088400000, 0x0000000088400000|100%| O|  |TAMS 0x0000000088300000| PB 0x0000000088300000| Untracked 
| 132|0x0000000088400000, 0x0000000088500000, 0x0000000088500000|100%|HS|  |TAMS 0x0000000088400000| PB 0x0000000088400000| Complete 
| 133|0x0000000088500000, 0x0000000088600000, 0x0000000088600000|100%| O|  |TAMS 0x0000000088500000| PB 0x0000000088500000| Untracked 
| 134|0x0000000088600000, 0x0000000088700000, 0x0000000088700000|100%| O|  |TAMS 0x0000000088600000| PB 0x0000000088600000| Untracked 
| 135|0x0000000088700000, 0x0000000088800000, 0x0000000088800000|100%| O|  |TAMS 0x0000000088700000| PB 0x0000000088700000| Untracked 
| 136|0x0000000088800000, 0x0000000088900000, 0x0000000088900000|100%| O|  |TAMS 0x0000000088800000| PB 0x0000000088800000| Untracked 
| 137|0x0000000088900000, 0x0000000088a00000, 0x0000000088a00000|100%| O|  |TAMS 0x0000000088900000| PB 0x0000000088900000| Untracked 
| 138|0x0000000088a00000, 0x0000000088b00000, 0x0000000088b00000|100%| O|  |TAMS 0x0000000088a00000| PB 0x0000000088a00000| Untracked 
| 139|0x0000000088b00000, 0x0000000088c00000, 0x0000000088c00000|100%| O|  |TAMS 0x0000000088b00000| PB 0x0000000088b00000| Untracked 
| 140|0x0000000088c00000, 0x0000000088d00000, 0x0000000088d00000|100%|HS|  |TAMS 0x0000000088c00000| PB 0x0000000088c00000| Complete 
| 141|0x0000000088d00000, 0x0000000088e00000, 0x0000000088e00000|100%| O|  |TAMS 0x0000000088d00000| PB 0x0000000088d00000| Untracked 
| 142|0x0000000088e00000, 0x0000000088f00000, 0x0000000088f00000|100%| O|  |TAMS 0x0000000088e00000| PB 0x0000000088e00000| Untracked 
| 143|0x0000000088f00000, 0x0000000089000000, 0x0000000089000000|100%| O|  |TAMS 0x0000000088f00000| PB 0x0000000088f00000| Untracked 
| 144|0x0000000089000000, 0x0000000089100000, 0x0000000089100000|100%| O|  |TAMS 0x0000000089000000| PB 0x0000000089000000| Untracked 
| 145|0x0000000089100000, 0x0000000089200000, 0x0000000089200000|100%| O|  |TAMS 0x0000000089100000| PB 0x0000000089100000| Untracked 
| 146|0x0000000089200000, 0x0000000089300000, 0x0000000089300000|100%| O|  |TAMS 0x0000000089200000| PB 0x0000000089200000| Untracked 
| 147|0x0000000089300000, 0x0000000089400000, 0x0000000089400000|100%| O|  |TAMS 0x0000000089300000| PB 0x0000000089300000| Untracked 
| 148|0x0000000089400000, 0x0000000089500000, 0x0000000089500000|100%| O|Cm|TAMS 0x0000000089400000| PB 0x0000000089400000| Complete 
| 149|0x0000000089500000, 0x0000000089600000, 0x0000000089600000|100%|HS|  |TAMS 0x0000000089500000| PB 0x0000000089500000| Complete 
| 150|0x0000000089600000, 0x0000000089700000, 0x0000000089700000|100%|HC|  |TAMS 0x0000000089600000| PB 0x0000000089600000| Complete 
| 151|0x0000000089700000, 0x0000000089800000, 0x0000000089800000|100%|HC|  |TAMS 0x0000000089700000| PB 0x0000000089700000| Complete 
| 152|0x0000000089800000, 0x0000000089900000, 0x0000000089900000|100%|HC|  |TAMS 0x0000000089800000| PB 0x0000000089800000| Complete 
| 153|0x0000000089900000, 0x0000000089a00000, 0x0000000089a00000|100%|HC|  |TAMS 0x0000000089900000| PB 0x0000000089900000| Complete 
| 154|0x0000000089a00000, 0x0000000089b00000, 0x0000000089b00000|100%|HC|  |TAMS 0x0000000089a00000| PB 0x0000000089a00000| Complete 
| 155|0x0000000089b00000, 0x0000000089c00000, 0x0000000089c00000|100%|HS|  |TAMS 0x0000000089b00000| PB 0x0000000089b00000| Complete 
| 156|0x0000000089c00000, 0x0000000089d00000, 0x0000000089d00000|100%|HC|  |TAMS 0x0000000089c00000| PB 0x0000000089c00000| Complete 
| 157|0x0000000089d00000, 0x0000000089e00000, 0x0000000089e00000|100%|HC|  |TAMS 0x0000000089d00000| PB 0x0000000089d00000| Complete 
| 158|0x0000000089e00000, 0x0000000089f00000, 0x0000000089f00000|100%|HC|  |TAMS 0x0000000089e00000| PB 0x0000000089e00000| Complete 
| 159|0x0000000089f00000, 0x000000008a000000, 0x000000008a000000|100%|HC|  |TAMS 0x0000000089f00000| PB 0x0000000089f00000| Complete 
| 160|0x000000008a000000, 0x000000008a100000, 0x000000008a100000|100%|HC|  |TAMS 0x000000008a000000| PB 0x000000008a000000| Complete 
| 161|0x000000008a100000, 0x000000008a200000, 0x000000008a200000|100%|HC|  |TAMS 0x000000008a100000| PB 0x000000008a100000| Complete 
| 162|0x000000008a200000, 0x000000008a300000, 0x000000008a300000|100%|HC|  |TAMS 0x000000008a200000| PB 0x000000008a200000| Complete 
| 163|0x000000008a300000, 0x000000008a400000, 0x000000008a400000|100%|HC|  |TAMS 0x000000008a300000| PB 0x000000008a300000| Complete 
| 164|0x000000008a400000, 0x000000008a500000, 0x000000008a500000|100%|HC|  |TAMS 0x000000008a400000| PB 0x000000008a400000| Complete 
| 165|0x000000008a500000, 0x000000008a600000, 0x000000008a600000|100%|HC|  |TAMS 0x000000008a500000| PB 0x000000008a500000| Complete 
| 166|0x000000008a600000, 0x000000008a700000, 0x000000008a700000|100%|HS|  |TAMS 0x000000008a600000| PB 0x000000008a600000| Complete 
| 167|0x000000008a700000, 0x000000008a800000, 0x000000008a800000|100%|HC|  |TAMS 0x000000008a700000| PB 0x000000008a700000| Complete 
| 168|0x000000008a800000, 0x000000008a900000, 0x000000008a900000|100%|HC|  |TAMS 0x000000008a800000| PB 0x000000008a800000| Complete 
| 169|0x000000008a900000, 0x000000008aa00000, 0x000000008aa00000|100%|HC|  |TAMS 0x000000008a900000| PB 0x000000008a900000| Complete 
| 170|0x000000008aa00000, 0x000000008ab00000, 0x000000008ab00000|100%|HC|  |TAMS 0x000000008aa00000| PB 0x000000008aa00000| Complete 
| 171|0x000000008ab00000, 0x000000008ac00000, 0x000000008ac00000|100%|HC|  |TAMS 0x000000008ab00000| PB 0x000000008ab00000| Complete 
| 172|0x000000008ac00000, 0x000000008ad00000, 0x000000008ad00000|100%|HS|  |TAMS 0x000000008ac00000| PB 0x000000008ac00000| Complete 
| 173|0x000000008ad00000, 0x000000008ae00000, 0x000000008ae00000|100%|HC|  |TAMS 0x000000008ad00000| PB 0x000000008ad00000| Complete 
| 174|0x000000008ae00000, 0x000000008af00000, 0x000000008af00000|100%|HC|  |TAMS 0x000000008ae00000| PB 0x000000008ae00000| Complete 
| 175|0x000000008af00000, 0x000000008b000000, 0x000000008b000000|100%|HC|  |TAMS 0x000000008af00000| PB 0x000000008af00000| Complete 
| 176|0x000000008b000000, 0x000000008b100000, 0x000000008b100000|100%|HC|  |TAMS 0x000000008b000000| PB 0x000000008b000000| Complete 
| 177|0x000000008b100000, 0x000000008b200000, 0x000000008b200000|100%|HC|  |TAMS 0x000000008b100000| PB 0x000000008b100000| Complete 
| 178|0x000000008b200000, 0x000000008b300000, 0x000000008b300000|100%|HC|  |TAMS 0x000000008b200000| PB 0x000000008b200000| Complete 
| 179|0x000000008b300000, 0x000000008b400000, 0x000000008b400000|100%|HC|  |TAMS 0x000000008b300000| PB 0x000000008b300000| Complete 
| 180|0x000000008b400000, 0x000000008b500000, 0x000000008b500000|100%|HC|  |TAMS 0x000000008b400000| PB 0x000000008b400000| Complete 
| 181|0x000000008b500000, 0x000000008b600000, 0x000000008b600000|100%|HC|  |TAMS 0x000000008b500000| PB 0x000000008b500000| Complete 
| 182|0x000000008b600000, 0x000000008b700000, 0x000000008b700000|100%|HC|  |TAMS 0x000000008b600000| PB 0x000000008b600000| Complete 
| 183|0x000000008b700000, 0x000000008b800000, 0x000000008b800000|100%|HS|  |TAMS 0x000000008b700000| PB 0x000000008b700000| Complete 
| 184|0x000000008b800000, 0x000000008b900000, 0x000000008b900000|100%|HC|  |TAMS 0x000000008b800000| PB 0x000000008b800000| Complete 
| 185|0x000000008b900000, 0x000000008ba00000, 0x000000008ba00000|100%|HC|  |TAMS 0x000000008b900000| PB 0x000000008b900000| Complete 
| 186|0x000000008ba00000, 0x000000008bb00000, 0x000000008bb00000|100%|HC|  |TAMS 0x000000008ba00000| PB 0x000000008ba00000| Complete 
| 187|0x000000008bb00000, 0x000000008bc00000, 0x000000008bc00000|100%|HC|  |TAMS 0x000000008bb00000| PB 0x000000008bb00000| Complete 
| 188|0x000000008bc00000, 0x000000008bd00000, 0x000000008bd00000|100%|HC|  |TAMS 0x000000008bc00000| PB 0x000000008bc00000| Complete 
| 189|0x000000008bd00000, 0x000000008be00000, 0x000000008be00000|100%|HC|  |TAMS 0x000000008bd00000| PB 0x000000008bd00000| Complete 
| 190|0x000000008be00000, 0x000000008bf00000, 0x000000008bf00000|100%|HC|  |TAMS 0x000000008be00000| PB 0x000000008be00000| Complete 
| 191|0x000000008bf00000, 0x000000008c000000, 0x000000008c000000|100%|HC|  |TAMS 0x000000008bf00000| PB 0x000000008bf00000| Complete 
| 192|0x000000008c000000, 0x000000008c100000, 0x000000008c100000|100%|HS|  |TAMS 0x000000008c000000| PB 0x000000008c000000| Complete 
| 193|0x000000008c100000, 0x000000008c200000, 0x000000008c200000|100%|HS|  |TAMS 0x000000008c100000| PB 0x000000008c100000| Complete 
| 194|0x000000008c200000, 0x000000008c300000, 0x000000008c300000|100%|HC|  |TAMS 0x000000008c200000| PB 0x000000008c200000| Complete 
| 195|0x000000008c300000, 0x000000008c400000, 0x000000008c400000|100%|HC|  |TAMS 0x000000008c300000| PB 0x000000008c300000| Complete 
| 196|0x000000008c400000, 0x000000008c500000, 0x000000008c500000|100%|HC|  |TAMS 0x000000008c400000| PB 0x000000008c400000| Complete 
| 197|0x000000008c500000, 0x000000008c600000, 0x000000008c600000|100%|HC|  |TAMS 0x000000008c500000| PB 0x000000008c500000| Complete 
| 198|0x000000008c600000, 0x000000008c700000, 0x000000008c700000|100%|HC|  |TAMS 0x000000008c600000| PB 0x000000008c600000| Complete 
| 199|0x000000008c700000, 0x000000008c800000, 0x000000008c800000|100%|HC|  |TAMS 0x000000008c700000| PB 0x000000008c700000| Complete 
| 200|0x000000008c800000, 0x000000008c900000, 0x000000008c900000|100%|HC|  |TAMS 0x000000008c800000| PB 0x000000008c800000| Complete 
| 201|0x000000008c900000, 0x000000008ca00000, 0x000000008ca00000|100%|HC|  |TAMS 0x000000008c900000| PB 0x000000008c900000| Complete 
| 202|0x000000008ca00000, 0x000000008cb00000, 0x000000008cb00000|100%|HC|  |TAMS 0x000000008ca00000| PB 0x000000008ca00000| Complete 
| 203|0x000000008cb00000, 0x000000008cc00000, 0x000000008cc00000|100%|HC|  |TAMS 0x000000008cb00000| PB 0x000000008cb00000| Complete 
| 204|0x000000008cc00000, 0x000000008cd00000, 0x000000008cd00000|100%|HC|  |TAMS 0x000000008cc00000| PB 0x000000008cc00000| Complete 
| 205|0x000000008cd00000, 0x000000008ce00000, 0x000000008ce00000|100%|HC|  |TAMS 0x000000008cd00000| PB 0x000000008cd00000| Complete 
| 206|0x000000008ce00000, 0x000000008cf00000, 0x000000008cf00000|100%|HC|  |TAMS 0x000000008ce00000| PB 0x000000008ce00000| Complete 
| 207|0x000000008cf00000, 0x000000008d000000, 0x000000008d000000|100%|HS|  |TAMS 0x000000008cf00000| PB 0x000000008cf00000| Complete 
| 208|0x000000008d000000, 0x000000008d100000, 0x000000008d100000|100%|HS|  |TAMS 0x000000008d000000| PB 0x000000008d000000| Complete 
| 209|0x000000008d100000, 0x000000008d200000, 0x000000008d200000|100%|HS|  |TAMS 0x000000008d100000| PB 0x000000008d100000| Complete 
| 210|0x000000008d200000, 0x000000008d300000, 0x000000008d300000|100%|HS|  |TAMS 0x000000008d200000| PB 0x000000008d200000| Complete 
| 211|0x000000008d300000, 0x000000008d364c00, 0x000000008d400000| 39%| S|CS|TAMS 0x000000008d300000| PB 0x000000008d300000| Complete 
| 212|0x000000008d400000, 0x000000008d500000, 0x000000008d500000|100%| S|CS|TAMS 0x000000008d400000| PB 0x000000008d400000| Complete 
| 213|0x000000008d500000, 0x000000008d600000, 0x000000008d600000|100%| S|CS|TAMS 0x000000008d500000| PB 0x000000008d500000| Complete 
| 214|0x000000008d600000, 0x000000008d700000, 0x000000008d700000|100%| S|CS|TAMS 0x000000008d600000| PB 0x000000008d600000| Complete 
| 215|0x000000008d700000, 0x000000008d800000, 0x000000008d800000|100%| S|CS|TAMS 0x000000008d700000| PB 0x000000008d700000| Complete 
| 216|0x000000008d800000, 0x000000008d900000, 0x000000008d900000|100%| S|CS|TAMS 0x000000008d800000| PB 0x000000008d800000| Complete 
| 217|0x000000008d900000, 0x000000008da00000, 0x000000008da00000|100%| S|CS|TAMS 0x000000008d900000| PB 0x000000008d900000| Complete 
| 218|0x000000008da00000, 0x000000008db00000, 0x000000008db00000|100%| S|CS|TAMS 0x000000008da00000| PB 0x000000008da00000| Complete 
| 219|0x000000008db00000, 0x000000008dc00000, 0x000000008dc00000|100%| S|CS|TAMS 0x000000008db00000| PB 0x000000008db00000| Complete 
| 220|0x000000008dc00000, 0x000000008dd00000, 0x000000008dd00000|100%| S|CS|TAMS 0x000000008dc00000| PB 0x000000008dc00000| Complete 
| 221|0x000000008dd00000, 0x000000008de00000, 0x000000008de00000|100%|HS|  |TAMS 0x000000008dd00000| PB 0x000000008dd00000| Complete 
| 222|0x000000008de00000, 0x000000008df00000, 0x000000008df00000|100%|HC|  |TAMS 0x000000008de00000| PB 0x000000008de00000| Complete 
| 223|0x000000008df00000, 0x000000008e000000, 0x000000008e000000|100%|HC|  |TAMS 0x000000008df00000| PB 0x000000008df00000| Complete 
| 224|0x000000008e000000, 0x000000008e100000, 0x000000008e100000|100%|HC|  |TAMS 0x000000008e000000| PB 0x000000008e000000| Complete 
| 225|0x000000008e100000, 0x000000008e200000, 0x000000008e200000|100%|HC|  |TAMS 0x000000008e100000| PB 0x000000008e100000| Complete 
| 226|0x000000008e200000, 0x000000008e300000, 0x000000008e300000|100%|HC|  |TAMS 0x000000008e200000| PB 0x000000008e200000| Complete 
| 227|0x000000008e300000, 0x000000008e400000, 0x000000008e400000|100%|HC|  |TAMS 0x000000008e300000| PB 0x000000008e300000| Complete 
| 228|0x000000008e400000, 0x000000008e500000, 0x000000008e500000|100%|HC|  |TAMS 0x000000008e400000| PB 0x000000008e400000| Complete 
| 229|0x000000008e500000, 0x000000008e600000, 0x000000008e600000|100%|HC|  |TAMS 0x000000008e500000| PB 0x000000008e500000| Complete 
| 230|0x000000008e600000, 0x000000008e700000, 0x000000008e700000|100%|HC|  |TAMS 0x000000008e600000| PB 0x000000008e600000| Complete 
| 231|0x000000008e700000, 0x000000008e800000, 0x000000008e800000|100%|HC|  |TAMS 0x000000008e700000| PB 0x000000008e700000| Complete 
| 232|0x000000008e800000, 0x000000008e900000, 0x000000008e900000|100%|HC|  |TAMS 0x000000008e800000| PB 0x000000008e800000| Complete 
| 233|0x000000008e900000, 0x000000008ea00000, 0x000000008ea00000|100%|HC|  |TAMS 0x000000008e900000| PB 0x000000008e900000| Complete 
| 234|0x000000008ea00000, 0x000000008eb00000, 0x000000008eb00000|100%|HC|  |TAMS 0x000000008ea00000| PB 0x000000008ea00000| Complete 
| 235|0x000000008eb00000, 0x000000008ec00000, 0x000000008ec00000|100%|HC|  |TAMS 0x000000008eb00000| PB 0x000000008eb00000| Complete 
| 236|0x000000008ec00000, 0x000000008ed00000, 0x000000008ed00000|100%|HC|  |TAMS 0x000000008ec00000| PB 0x000000008ec00000| Complete 
| 237|0x000000008ed00000, 0x000000008ee00000, 0x000000008ee00000|100%|HC|  |TAMS 0x000000008ed00000| PB 0x000000008ed00000| Complete 
| 238|0x000000008ee00000, 0x000000008ef00000, 0x000000008ef00000|100%|HC|  |TAMS 0x000000008ee00000| PB 0x000000008ee00000| Complete 
| 239|0x000000008ef00000, 0x000000008f000000, 0x000000008f000000|100%|HC|  |TAMS 0x000000008ef00000| PB 0x000000008ef00000| Complete 
| 240|0x000000008f000000, 0x000000008f100000, 0x000000008f100000|100%|HC|  |TAMS 0x000000008f000000| PB 0x000000008f000000| Complete 
| 241|0x000000008f100000, 0x000000008f200000, 0x000000008f200000|100%|HC|  |TAMS 0x000000008f100000| PB 0x000000008f100000| Complete 
| 242|0x000000008f200000, 0x000000008f300000, 0x000000008f300000|100%|HC|  |TAMS 0x000000008f200000| PB 0x000000008f200000| Complete 
| 243|0x000000008f300000, 0x000000008f400000, 0x000000008f400000|100%|HC|  |TAMS 0x000000008f300000| PB 0x000000008f300000| Complete 
| 244|0x000000008f400000, 0x000000008f500000, 0x000000008f500000|100%|HC|  |TAMS 0x000000008f400000| PB 0x000000008f400000| Complete 
| 245|0x000000008f500000, 0x000000008f600000, 0x000000008f600000|100%|HC|  |TAMS 0x000000008f500000| PB 0x000000008f500000| Complete 
| 246|0x000000008f600000, 0x000000008f700000, 0x000000008f700000|100%|HC|  |TAMS 0x000000008f600000| PB 0x000000008f600000| Complete 
| 247|0x000000008f700000, 0x000000008f800000, 0x000000008f800000|100%|HC|  |TAMS 0x000000008f700000| PB 0x000000008f700000| Complete 
| 248|0x000000008f800000, 0x000000008f900000, 0x000000008f900000|100%|HC|  |TAMS 0x000000008f800000| PB 0x000000008f800000| Complete 
| 249|0x000000008f900000, 0x000000008fa00000, 0x000000008fa00000|100%|HC|  |TAMS 0x000000008f900000| PB 0x000000008f900000| Complete 
| 250|0x000000008fa00000, 0x000000008fb00000, 0x000000008fb00000|100%|HC|  |TAMS 0x000000008fa00000| PB 0x000000008fa00000| Complete 
| 251|0x000000008fb00000, 0x000000008fc00000, 0x000000008fc00000|100%|HC|  |TAMS 0x000000008fb00000| PB 0x000000008fb00000| Complete 
| 252|0x000000008fc00000, 0x000000008fd00000, 0x000000008fd00000|100%|HC|  |TAMS 0x000000008fc00000| PB 0x000000008fc00000| Complete 
| 253|0x000000008fd00000, 0x000000008fe00000, 0x000000008fe00000|100%|HC|  |TAMS 0x000000008fd00000| PB 0x000000008fd00000| Complete 
| 254|0x000000008fe00000, 0x000000008ff00000, 0x000000008ff00000|100%|HC|  |TAMS 0x000000008fe00000| PB 0x000000008fe00000| Complete 
| 255|0x000000008ff00000, 0x0000000090000000, 0x0000000090000000|100%|HC|  |TAMS 0x000000008ff00000| PB 0x000000008ff00000| Complete 
| 256|0x0000000090000000, 0x0000000090100000, 0x0000000090100000|100%|HC|  |TAMS 0x0000000090000000| PB 0x0000000090000000| Complete 
| 257|0x0000000090100000, 0x0000000090200000, 0x0000000090200000|100%|HC|  |TAMS 0x0000000090100000| PB 0x0000000090100000| Complete 
| 258|0x0000000090200000, 0x0000000090300000, 0x0000000090300000|100%|HC|  |TAMS 0x0000000090200000| PB 0x0000000090200000| Complete 
| 259|0x0000000090300000, 0x0000000090400000, 0x0000000090400000|100%|HC|  |TAMS 0x0000000090300000| PB 0x0000000090300000| Complete 
| 260|0x0000000090400000, 0x0000000090500000, 0x0000000090500000|100%|HC|  |TAMS 0x0000000090400000| PB 0x0000000090400000| Complete 
| 261|0x0000000090500000, 0x0000000090600000, 0x0000000090600000|100%|HC|  |TAMS 0x0000000090500000| PB 0x0000000090500000| Complete 
| 262|0x0000000090600000, 0x0000000090700000, 0x0000000090700000|100%|HC|  |TAMS 0x0000000090600000| PB 0x0000000090600000| Complete 
| 263|0x0000000090700000, 0x0000000090800000, 0x0000000090800000|100%|HC|  |TAMS 0x0000000090700000| PB 0x0000000090700000| Complete 
| 264|0x0000000090800000, 0x0000000090900000, 0x0000000090900000|100%|HC|  |TAMS 0x0000000090800000| PB 0x0000000090800000| Complete 
| 265|0x0000000090900000, 0x0000000090a00000, 0x0000000090a00000|100%|HC|  |TAMS 0x0000000090900000| PB 0x0000000090900000| Complete 
| 266|0x0000000090a00000, 0x0000000090b00000, 0x0000000090b00000|100%|HC|  |TAMS 0x0000000090a00000| PB 0x0000000090a00000| Complete 
| 267|0x0000000090b00000, 0x0000000090c00000, 0x0000000090c00000|100%|HC|  |TAMS 0x0000000090b00000| PB 0x0000000090b00000| Complete 
| 268|0x0000000090c00000, 0x0000000090d00000, 0x0000000090d00000|100%|HC|  |TAMS 0x0000000090c00000| PB 0x0000000090c00000| Complete 
| 269|0x0000000090d00000, 0x0000000090e00000, 0x0000000090e00000|100%|HC|  |TAMS 0x0000000090d00000| PB 0x0000000090d00000| Complete 
| 270|0x0000000090e00000, 0x0000000090f00000, 0x0000000090f00000|100%|HC|  |TAMS 0x0000000090e00000| PB 0x0000000090e00000| Complete 
| 271|0x0000000090f00000, 0x0000000091000000, 0x0000000091000000|100%|HC|  |TAMS 0x0000000090f00000| PB 0x0000000090f00000| Complete 
| 272|0x0000000091000000, 0x0000000091100000, 0x0000000091100000|100%|HC|  |TAMS 0x0000000091000000| PB 0x0000000091000000| Complete 
| 273|0x0000000091100000, 0x0000000091200000, 0x0000000091200000|100%|HS|  |TAMS 0x0000000091100000| PB 0x0000000091100000| Complete 
| 274|0x0000000091200000, 0x0000000091300000, 0x0000000091300000|100%|HC|  |TAMS 0x0000000091200000| PB 0x0000000091200000| Complete 
| 275|0x0000000091300000, 0x0000000091400000, 0x0000000091400000|100%|HC|  |TAMS 0x0000000091300000| PB 0x0000000091300000| Complete 
| 276|0x0000000091400000, 0x0000000091500000, 0x0000000091500000|100%|HC|  |TAMS 0x0000000091400000| PB 0x0000000091400000| Complete 
| 277|0x0000000091500000, 0x0000000091600000, 0x0000000091600000|100%|HC|  |TAMS 0x0000000091500000| PB 0x0000000091500000| Complete 
| 278|0x0000000091600000, 0x0000000091700000, 0x0000000091700000|100%|HC|  |TAMS 0x0000000091600000| PB 0x0000000091600000| Complete 
| 279|0x0000000091700000, 0x0000000091800000, 0x0000000091800000|100%|HC|  |TAMS 0x0000000091700000| PB 0x0000000091700000| Complete 
| 280|0x0000000091800000, 0x0000000091900000, 0x0000000091900000|100%|HC|  |TAMS 0x0000000091800000| PB 0x0000000091800000| Complete 
| 281|0x0000000091900000, 0x0000000091a00000, 0x0000000091a00000|100%|HC|  |TAMS 0x0000000091900000| PB 0x0000000091900000| Complete 
| 282|0x0000000091a00000, 0x0000000091b00000, 0x0000000091b00000|100%|HS|  |TAMS 0x0000000091a00000| PB 0x0000000091a00000| Complete 
| 283|0x0000000091b00000, 0x0000000091c00000, 0x0000000091c00000|100%|HC|  |TAMS 0x0000000091b00000| PB 0x0000000091b00000| Complete 
| 284|0x0000000091c00000, 0x0000000091d00000, 0x0000000091d00000|100%|HC|  |TAMS 0x0000000091c00000| PB 0x0000000091c00000| Complete 
| 285|0x0000000091d00000, 0x0000000091e00000, 0x0000000091e00000|100%|HC|  |TAMS 0x0000000091d00000| PB 0x0000000091d00000| Complete 
| 286|0x0000000091e00000, 0x0000000091f00000, 0x0000000091f00000|100%|HC|  |TAMS 0x0000000091e00000| PB 0x0000000091e00000| Complete 
| 287|0x0000000091f00000, 0x0000000092000000, 0x0000000092000000|100%|HS|  |TAMS 0x0000000091f00000| PB 0x0000000091f00000| Complete 
| 288|0x0000000092000000, 0x0000000092100000, 0x0000000092100000|100%|HC|  |TAMS 0x0000000092000000| PB 0x0000000092000000| Complete 
| 289|0x0000000092100000, 0x0000000092200000, 0x0000000092200000|100%|HC|  |TAMS 0x0000000092100000| PB 0x0000000092100000| Complete 
| 290|0x0000000092200000, 0x0000000092300000, 0x0000000092300000|100%|HC|  |TAMS 0x0000000092200000| PB 0x0000000092200000| Complete 
| 291|0x0000000092300000, 0x0000000092400000, 0x0000000092400000|100%|HC|  |TAMS 0x0000000092300000| PB 0x0000000092300000| Complete 
| 292|0x0000000092400000, 0x0000000092500000, 0x0000000092500000|100%|HC|  |TAMS 0x0000000092400000| PB 0x0000000092400000| Complete 
| 293|0x0000000092500000, 0x0000000092600000, 0x0000000092600000|100%|HC|  |TAMS 0x0000000092500000| PB 0x0000000092500000| Complete 
| 294|0x0000000092600000, 0x0000000092700000, 0x0000000092700000|100%|HC|  |TAMS 0x0000000092600000| PB 0x0000000092600000| Complete 
| 295|0x0000000092700000, 0x0000000092800000, 0x0000000092800000|100%|HC|  |TAMS 0x0000000092700000| PB 0x0000000092700000| Complete 
| 296|0x0000000092800000, 0x0000000092900000, 0x0000000092900000|100%|HC|  |TAMS 0x0000000092800000| PB 0x0000000092800000| Complete 
| 297|0x0000000092900000, 0x0000000092a00000, 0x0000000092a00000|100%|HC|  |TAMS 0x0000000092900000| PB 0x0000000092900000| Complete 
| 298|0x0000000092a00000, 0x0000000092b00000, 0x0000000092b00000|100%|HC|  |TAMS 0x0000000092a00000| PB 0x0000000092a00000| Complete 
| 299|0x0000000092b00000, 0x0000000092c00000, 0x0000000092c00000|100%|HC|  |TAMS 0x0000000092b00000| PB 0x0000000092b00000| Complete 
| 300|0x0000000092c00000, 0x0000000092d00000, 0x0000000092d00000|100%|HC|  |TAMS 0x0000000092c00000| PB 0x0000000092c00000| Complete 
| 301|0x0000000092d00000, 0x0000000092e00000, 0x0000000092e00000|100%|HC|  |TAMS 0x0000000092d00000| PB 0x0000000092d00000| Complete 
| 302|0x0000000092e00000, 0x0000000092f00000, 0x0000000092f00000|100%|HC|  |TAMS 0x0000000092e00000| PB 0x0000000092e00000| Complete 
| 303|0x0000000092f00000, 0x0000000093000000, 0x0000000093000000|100%|HC|  |TAMS 0x0000000092f00000| PB 0x0000000092f00000| Complete 
| 304|0x0000000093000000, 0x0000000093100000, 0x0000000093100000|100%|HC|  |TAMS 0x0000000093000000| PB 0x0000000093000000| Complete 
| 305|0x0000000093100000, 0x0000000093200000, 0x0000000093200000|100%|HC|  |TAMS 0x0000000093100000| PB 0x0000000093100000| Complete 
| 306|0x0000000093200000, 0x0000000093300000, 0x0000000093300000|100%|HC|  |TAMS 0x0000000093200000| PB 0x0000000093200000| Complete 
| 307|0x0000000093300000, 0x0000000093400000, 0x0000000093400000|100%|HC|  |TAMS 0x0000000093300000| PB 0x0000000093300000| Complete 
| 308|0x0000000093400000, 0x0000000093500000, 0x0000000093500000|100%|HC|  |TAMS 0x0000000093400000| PB 0x0000000093400000| Complete 
| 309|0x0000000093500000, 0x0000000093600000, 0x0000000093600000|100%|HC|  |TAMS 0x0000000093500000| PB 0x0000000093500000| Complete 
| 310|0x0000000093600000, 0x0000000093700000, 0x0000000093700000|100%|HC|  |TAMS 0x0000000093600000| PB 0x0000000093600000| Complete 
| 311|0x0000000093700000, 0x0000000093800000, 0x0000000093800000|100%|HC|  |TAMS 0x0000000093700000| PB 0x0000000093700000| Complete 
| 312|0x0000000093800000, 0x0000000093900000, 0x0000000093900000|100%|HC|  |TAMS 0x0000000093800000| PB 0x0000000093800000| Complete 
| 313|0x0000000093900000, 0x0000000093a00000, 0x0000000093a00000|100%|HC|  |TAMS 0x0000000093900000| PB 0x0000000093900000| Complete 
| 314|0x0000000093a00000, 0x0000000093b00000, 0x0000000093b00000|100%|HC|  |TAMS 0x0000000093a00000| PB 0x0000000093a00000| Complete 
| 315|0x0000000093b00000, 0x0000000093c00000, 0x0000000093c00000|100%|HC|  |TAMS 0x0000000093b00000| PB 0x0000000093b00000| Complete 
| 316|0x0000000093c00000, 0x0000000093d00000, 0x0000000093d00000|100%|HC|  |TAMS 0x0000000093c00000| PB 0x0000000093c00000| Complete 
| 317|0x0000000093d00000, 0x0000000093e00000, 0x0000000093e00000|100%|HC|  |TAMS 0x0000000093d00000| PB 0x0000000093d00000| Complete 
| 318|0x0000000093e00000, 0x0000000093f00000, 0x0000000093f00000|100%|HC|  |TAMS 0x0000000093e00000| PB 0x0000000093e00000| Complete 
| 319|0x0000000093f00000, 0x0000000094000000, 0x0000000094000000|100%|HC|  |TAMS 0x0000000093f00000| PB 0x0000000093f00000| Complete 
| 320|0x0000000094000000, 0x0000000094100000, 0x0000000094100000|100%|HC|  |TAMS 0x0000000094000000| PB 0x0000000094000000| Complete 
| 321|0x0000000094100000, 0x0000000094200000, 0x0000000094200000|100%|HC|  |TAMS 0x0000000094100000| PB 0x0000000094100000| Complete 
| 322|0x0000000094200000, 0x0000000094300000, 0x0000000094300000|100%|HC|  |TAMS 0x0000000094200000| PB 0x0000000094200000| Complete 
| 323|0x0000000094300000, 0x0000000094400000, 0x0000000094400000|100%|HC|  |TAMS 0x0000000094300000| PB 0x0000000094300000| Complete 
| 324|0x0000000094400000, 0x0000000094500000, 0x0000000094500000|100%|HC|  |TAMS 0x0000000094400000| PB 0x0000000094400000| Complete 
| 325|0x0000000094500000, 0x0000000094600000, 0x0000000094600000|100%|HC|  |TAMS 0x0000000094500000| PB 0x0000000094500000| Complete 
| 326|0x0000000094600000, 0x0000000094700000, 0x0000000094700000|100%|HC|  |TAMS 0x0000000094600000| PB 0x0000000094600000| Complete 
| 327|0x0000000094700000, 0x0000000094800000, 0x0000000094800000|100%|HC|  |TAMS 0x0000000094700000| PB 0x0000000094700000| Complete 
| 328|0x0000000094800000, 0x0000000094900000, 0x0000000094900000|100%|HC|  |TAMS 0x0000000094800000| PB 0x0000000094800000| Complete 
| 329|0x0000000094900000, 0x0000000094a00000, 0x0000000094a00000|100%|HC|  |TAMS 0x0000000094900000| PB 0x0000000094900000| Complete 
| 330|0x0000000094a00000, 0x0000000094b00000, 0x0000000094b00000|100%|HC|  |TAMS 0x0000000094a00000| PB 0x0000000094a00000| Complete 
| 331|0x0000000094b00000, 0x0000000094c00000, 0x0000000094c00000|100%|HC|  |TAMS 0x0000000094b00000| PB 0x0000000094b00000| Complete 
| 332|0x0000000094c00000, 0x0000000094d00000, 0x0000000094d00000|100%|HC|  |TAMS 0x0000000094c00000| PB 0x0000000094c00000| Complete 
| 333|0x0000000094d00000, 0x0000000094e00000, 0x0000000094e00000|100%|HC|  |TAMS 0x0000000094d00000| PB 0x0000000094d00000| Complete 
| 334|0x0000000094e00000, 0x0000000094f00000, 0x0000000094f00000|100%|HC|  |TAMS 0x0000000094e00000| PB 0x0000000094e00000| Complete 
| 335|0x0000000094f00000, 0x0000000095000000, 0x0000000095000000|100%|HC|  |TAMS 0x0000000094f00000| PB 0x0000000094f00000| Complete 
| 336|0x0000000095000000, 0x0000000095100000, 0x0000000095100000|100%|HC|  |TAMS 0x0000000095000000| PB 0x0000000095000000| Complete 
| 337|0x0000000095100000, 0x0000000095200000, 0x0000000095200000|100%|HC|  |TAMS 0x0000000095100000| PB 0x0000000095100000| Complete 
| 338|0x0000000095200000, 0x0000000095300000, 0x0000000095300000|100%|HC|  |TAMS 0x0000000095200000| PB 0x0000000095200000| Complete 
| 339|0x0000000095300000, 0x0000000095400000, 0x0000000095400000|100%|HC|  |TAMS 0x0000000095300000| PB 0x0000000095300000| Complete 
| 340|0x0000000095400000, 0x0000000095500000, 0x0000000095500000|100%|HC|  |TAMS 0x0000000095400000| PB 0x0000000095400000| Complete 
| 341|0x0000000095500000, 0x0000000095600000, 0x0000000095600000|100%|HC|  |TAMS 0x0000000095500000| PB 0x0000000095500000| Complete 
| 342|0x0000000095600000, 0x0000000095700000, 0x0000000095700000|100%|HC|  |TAMS 0x0000000095600000| PB 0x0000000095600000| Complete 
| 343|0x0000000095700000, 0x0000000095800000, 0x0000000095800000|100%|HS|  |TAMS 0x0000000095700000| PB 0x0000000095700000| Complete 
| 344|0x0000000095800000, 0x0000000095900000, 0x0000000095900000|100%|HC|  |TAMS 0x0000000095800000| PB 0x0000000095800000| Complete 
| 345|0x0000000095900000, 0x0000000095a00000, 0x0000000095a00000|100%|HC|  |TAMS 0x0000000095900000| PB 0x0000000095900000| Complete 
| 346|0x0000000095a00000, 0x0000000095b00000, 0x0000000095b00000|100%|HC|  |TAMS 0x0000000095a00000| PB 0x0000000095a00000| Complete 
| 347|0x0000000095b00000, 0x0000000095c00000, 0x0000000095c00000|100%|HC|  |TAMS 0x0000000095b00000| PB 0x0000000095b00000| Complete 
| 348|0x0000000095c00000, 0x0000000095d00000, 0x0000000095d00000|100%|HS|  |TAMS 0x0000000095c00000| PB 0x0000000095c00000| Complete 
| 349|0x0000000095d00000, 0x0000000095e00000, 0x0000000095e00000|100%|HC|  |TAMS 0x0000000095d00000| PB 0x0000000095d00000| Complete 
| 350|0x0000000095e00000, 0x0000000095f00000, 0x0000000095f00000|100%|HC|  |TAMS 0x0000000095e00000| PB 0x0000000095e00000| Complete 
| 351|0x0000000095f00000, 0x0000000096000000, 0x0000000096000000|100%|HC|  |TAMS 0x0000000095f00000| PB 0x0000000095f00000| Complete 
| 352|0x0000000096000000, 0x0000000096100000, 0x0000000096100000|100%|HS|  |TAMS 0x0000000096000000| PB 0x0000000096000000| Complete 
| 353|0x0000000096100000, 0x0000000096200000, 0x0000000096200000|100%|HC|  |TAMS 0x0000000096100000| PB 0x0000000096100000| Complete 
| 354|0x0000000096200000, 0x0000000096300000, 0x0000000096300000|100%|HC|  |TAMS 0x0000000096200000| PB 0x0000000096200000| Complete 
| 355|0x0000000096300000, 0x0000000096400000, 0x0000000096400000|100%|HC|  |TAMS 0x0000000096300000| PB 0x0000000096300000| Complete 
| 356|0x0000000096400000, 0x0000000096500000, 0x0000000096500000|100%|HC|  |TAMS 0x0000000096400000| PB 0x0000000096400000| Complete 
| 357|0x0000000096500000, 0x0000000096600000, 0x0000000096600000|100%|HC|  |TAMS 0x0000000096500000| PB 0x0000000096500000| Complete 
| 358|0x0000000096600000, 0x0000000096700000, 0x0000000096700000|100%|HC|  |TAMS 0x0000000096600000| PB 0x0000000096600000| Complete 
| 359|0x0000000096700000, 0x0000000096800000, 0x0000000096800000|100%|HC|  |TAMS 0x0000000096700000| PB 0x0000000096700000| Complete 
| 360|0x0000000096800000, 0x0000000096900000, 0x0000000096900000|100%|HC|  |TAMS 0x0000000096800000| PB 0x0000000096800000| Complete 
| 361|0x0000000096900000, 0x0000000096a00000, 0x0000000096a00000|100%|HC|  |TAMS 0x0000000096900000| PB 0x0000000096900000| Complete 
| 362|0x0000000096a00000, 0x0000000096b00000, 0x0000000096b00000|100%|HC|  |TAMS 0x0000000096a00000| PB 0x0000000096a00000| Complete 
| 363|0x0000000096b00000, 0x0000000096c00000, 0x0000000096c00000|100%|HC|  |TAMS 0x0000000096b00000| PB 0x0000000096b00000| Complete 
| 364|0x0000000096c00000, 0x0000000096d00000, 0x0000000096d00000|100%|HC|  |TAMS 0x0000000096c00000| PB 0x0000000096c00000| Complete 
| 365|0x0000000096d00000, 0x0000000096e00000, 0x0000000096e00000|100%|HC|  |TAMS 0x0000000096d00000| PB 0x0000000096d00000| Complete 
| 366|0x0000000096e00000, 0x0000000096f00000, 0x0000000096f00000|100%|HS|  |TAMS 0x0000000096e00000| PB 0x0000000096e00000| Complete 
| 367|0x0000000096f00000, 0x0000000097000000, 0x0000000097000000|100%|HC|  |TAMS 0x0000000096f00000| PB 0x0000000096f00000| Complete 
| 368|0x0000000097000000, 0x0000000097100000, 0x0000000097100000|100%|HC|  |TAMS 0x0000000097000000| PB 0x0000000097000000| Complete 
| 369|0x0000000097100000, 0x0000000097100000, 0x0000000097200000|  0%| F|  |TAMS 0x0000000097100000| PB 0x0000000097100000| Untracked 
| 370|0x0000000097200000, 0x0000000097200000, 0x0000000097300000|  0%| F|  |TAMS 0x0000000097200000| PB 0x0000000097200000| Untracked 
| 371|0x0000000097300000, 0x0000000097300000, 0x0000000097400000|  0%| F|  |TAMS 0x0000000097300000| PB 0x0000000097300000| Untracked 
| 372|0x0000000097400000, 0x0000000097400000, 0x0000000097500000|  0%| F|  |TAMS 0x0000000097400000| PB 0x0000000097400000| Untracked 
| 373|0x0000000097500000, 0x0000000097500000, 0x0000000097600000|  0%| F|  |TAMS 0x0000000097500000| PB 0x0000000097500000| Untracked 
| 374|0x0000000097600000, 0x0000000097600000, 0x0000000097700000|  0%| F|  |TAMS 0x0000000097600000| PB 0x0000000097600000| Untracked 
| 375|0x0000000097700000, 0x0000000097700000, 0x0000000097800000|  0%| F|  |TAMS 0x0000000097700000| PB 0x0000000097700000| Untracked 
| 376|0x0000000097800000, 0x0000000097800000, 0x0000000097900000|  0%| F|  |TAMS 0x0000000097800000| PB 0x0000000097800000| Untracked 
| 377|0x0000000097900000, 0x0000000097900000, 0x0000000097a00000|  0%| F|  |TAMS 0x0000000097900000| PB 0x0000000097900000| Untracked 
| 378|0x0000000097a00000, 0x0000000097a00000, 0x0000000097b00000|  0%| F|  |TAMS 0x0000000097a00000| PB 0x0000000097a00000| Untracked 
| 379|0x0000000097b00000, 0x0000000097b00000, 0x0000000097c00000|  0%| F|  |TAMS 0x0000000097b00000| PB 0x0000000097b00000| Untracked 
| 380|0x0000000097c00000, 0x0000000097c00000, 0x0000000097d00000|  0%| F|  |TAMS 0x0000000097c00000| PB 0x0000000097c00000| Untracked 
| 381|0x0000000097d00000, 0x0000000097d00000, 0x0000000097e00000|  0%| F|  |TAMS 0x0000000097d00000| PB 0x0000000097d00000| Untracked 
| 382|0x0000000097e00000, 0x0000000097e00000, 0x0000000097f00000|  0%| F|  |TAMS 0x0000000097e00000| PB 0x0000000097e00000| Untracked 
| 383|0x0000000097f00000, 0x0000000097f00000, 0x0000000098000000|  0%| F|  |TAMS 0x0000000097f00000| PB 0x0000000097f00000| Untracked 
| 384|0x0000000098000000, 0x0000000098000000, 0x0000000098100000|  0%| F|  |TAMS 0x0000000098000000| PB 0x0000000098000000| Untracked 
| 385|0x0000000098100000, 0x0000000098100000, 0x0000000098200000|  0%| F|  |TAMS 0x0000000098100000| PB 0x0000000098100000| Untracked 
| 386|0x0000000098200000, 0x0000000098200000, 0x0000000098300000|  0%| F|  |TAMS 0x0000000098200000| PB 0x0000000098200000| Untracked 
| 387|0x0000000098300000, 0x0000000098300000, 0x0000000098400000|  0%| F|  |TAMS 0x0000000098300000| PB 0x0000000098300000| Untracked 
| 388|0x0000000098400000, 0x0000000098400000, 0x0000000098500000|  0%| F|  |TAMS 0x0000000098400000| PB 0x0000000098400000| Untracked 
| 389|0x0000000098500000, 0x0000000098500000, 0x0000000098600000|  0%| F|  |TAMS 0x0000000098500000| PB 0x0000000098500000| Untracked 
| 390|0x0000000098600000, 0x0000000098600000, 0x0000000098700000|  0%| F|  |TAMS 0x0000000098600000| PB 0x0000000098600000| Untracked 
| 391|0x0000000098700000, 0x0000000098700000, 0x0000000098800000|  0%| F|  |TAMS 0x0000000098700000| PB 0x0000000098700000| Untracked 
| 392|0x0000000098800000, 0x0000000098800000, 0x0000000098900000|  0%| F|  |TAMS 0x0000000098800000| PB 0x0000000098800000| Untracked 
| 393|0x0000000098900000, 0x0000000098900000, 0x0000000098a00000|  0%| F|  |TAMS 0x0000000098900000| PB 0x0000000098900000| Untracked 
| 394|0x0000000098a00000, 0x0000000098a00000, 0x0000000098b00000|  0%| F|  |TAMS 0x0000000098a00000| PB 0x0000000098a00000| Untracked 
| 395|0x0000000098b00000, 0x0000000098b00000, 0x0000000098c00000|  0%| F|  |TAMS 0x0000000098b00000| PB 0x0000000098b00000| Untracked 
| 396|0x0000000098c00000, 0x0000000098c00000, 0x0000000098d00000|  0%| F|  |TAMS 0x0000000098c00000| PB 0x0000000098c00000| Untracked 
| 397|0x0000000098d00000, 0x0000000098d00000, 0x0000000098e00000|  0%| F|  |TAMS 0x0000000098d00000| PB 0x0000000098d00000| Untracked 
| 398|0x0000000098e00000, 0x0000000098e00000, 0x0000000098f00000|  0%| F|  |TAMS 0x0000000098e00000| PB 0x0000000098e00000| Untracked 
| 399|0x0000000098f00000, 0x0000000098f00000, 0x0000000099000000|  0%| F|  |TAMS 0x0000000098f00000| PB 0x0000000098f00000| Untracked 
| 400|0x0000000099000000, 0x0000000099000000, 0x0000000099100000|  0%| F|  |TAMS 0x0000000099000000| PB 0x0000000099000000| Untracked 
| 401|0x0000000099100000, 0x0000000099100000, 0x0000000099200000|  0%| F|  |TAMS 0x0000000099100000| PB 0x0000000099100000| Untracked 
| 402|0x0000000099200000, 0x0000000099200000, 0x0000000099300000|  0%| F|  |TAMS 0x0000000099200000| PB 0x0000000099200000| Untracked 
| 403|0x0000000099300000, 0x0000000099300000, 0x0000000099400000|  0%| F|  |TAMS 0x0000000099300000| PB 0x0000000099300000| Untracked 
| 404|0x0000000099400000, 0x0000000099400000, 0x0000000099500000|  0%| F|  |TAMS 0x0000000099400000| PB 0x0000000099400000| Untracked 
| 405|0x0000000099500000, 0x0000000099500000, 0x0000000099600000|  0%| F|  |TAMS 0x0000000099500000| PB 0x0000000099500000| Untracked 
| 406|0x0000000099600000, 0x0000000099600000, 0x0000000099700000|  0%| F|  |TAMS 0x0000000099600000| PB 0x0000000099600000| Untracked 
| 407|0x0000000099700000, 0x0000000099700000, 0x0000000099800000|  0%| F|  |TAMS 0x0000000099700000| PB 0x0000000099700000| Untracked 
|2025|0x00000000fe900000, 0x00000000fea00000, 0x00000000fea00000|100%| O|  |TAMS 0x00000000fe900000| PB 0x00000000fe900000| Untracked 
|2026|0x00000000fea00000, 0x00000000feb00000, 0x00000000feb00000|100%|HS|  |TAMS 0x00000000fea00000| PB 0x00000000fea00000| Complete 
|2027|0x00000000feb00000, 0x00000000fec00000, 0x00000000fec00000|100%|HC|  |TAMS 0x00000000feb00000| PB 0x00000000feb00000| Complete 
|2028|0x00000000fec00000, 0x00000000fed00000, 0x00000000fed00000|100%|HC|  |TAMS 0x00000000fec00000| PB 0x00000000fec00000| Complete 
|2029|0x00000000fed00000, 0x00000000fee00000, 0x00000000fee00000|100%|HC|  |TAMS 0x00000000fed00000| PB 0x00000000fed00000| Complete 
|2030|0x00000000fee00000, 0x00000000fee92fb8, 0x00000000fef00000| 57%| E|  |TAMS 0x00000000fee00000| PB 0x00000000fee00000| Complete 
|2031|0x00000000fef00000, 0x00000000ff000000, 0x00000000ff000000|100%| O|  |TAMS 0x00000000fef00000| PB 0x00000000fef00000| Untracked 
|2032|0x00000000ff000000, 0x00000000ff100000, 0x00000000ff100000|100%| O|  |TAMS 0x00000000ff000000| PB 0x00000000ff000000| Untracked 
|2033|0x00000000ff100000, 0x00000000ff200000, 0x00000000ff200000|100%| O|  |TAMS 0x00000000ff100000| PB 0x00000000ff100000| Untracked 
|2034|0x00000000ff200000, 0x00000000ff300000, 0x00000000ff300000|100%| O|  |TAMS 0x00000000ff200000| PB 0x00000000ff200000| Untracked 
|2035|0x00000000ff300000, 0x00000000ff400000, 0x00000000ff400000|100%| O|  |TAMS 0x00000000ff300000| PB 0x00000000ff300000| Untracked 
|2036|0x00000000ff400000, 0x00000000ff500000, 0x00000000ff500000|100%| O|  |TAMS 0x00000000ff400000| PB 0x00000000ff400000| Untracked 
|2037|0x00000000ff500000, 0x00000000ff600000, 0x00000000ff600000|100%| O|  |TAMS 0x00000000ff500000| PB 0x00000000ff500000| Untracked 
|2038|0x00000000ff600000, 0x00000000ff700000, 0x00000000ff700000|100%| O|Cm|TAMS 0x00000000ff600000| PB 0x00000000ff600000| Complete 
|2039|0x00000000ff700000, 0x00000000ff800000, 0x00000000ff800000|100%| O|  |TAMS 0x00000000ff700000| PB 0x00000000ff700000| Untracked 
|2040|0x00000000ff800000, 0x00000000ff900000, 0x00000000ff900000|100%| O|  |TAMS 0x00000000ff800000| PB 0x00000000ff800000| Untracked 
|2041|0x00000000ff900000, 0x00000000ffa00000, 0x00000000ffa00000|100%| O|  |TAMS 0x00000000ff900000| PB 0x00000000ff900000| Untracked 
|2042|0x00000000ffa00000, 0x00000000ffaffcb0, 0x00000000ffb00000| 99%| E|  |TAMS 0x00000000ffa00000| PB 0x00000000ffa00000| Complete 
|2043|0x00000000ffb00000, 0x00000000ffc00000, 0x00000000ffc00000|100%| E|CS|TAMS 0x00000000ffb00000| PB 0x00000000ffb00000| Complete 
|2044|0x00000000ffc00000, 0x00000000ffd00000, 0x00000000ffd00000|100%| E|CS|TAMS 0x00000000ffc00000| PB 0x00000000ffc00000| Complete 
|2045|0x00000000ffd00000, 0x00000000ffe00000, 0x00000000ffe00000|100%| O|  |TAMS 0x00000000ffd00000| PB 0x00000000ffd00000| Untracked 
|2046|0x00000000ffe00000, 0x00000000fff00000, 0x00000000fff00000|100%| E|CS|TAMS 0x00000000ffe00000| PB 0x00000000ffe00000| Complete 
|2047|0x00000000fff00000, 0x0000000100000000, 0x0000000100000000|100%| E|CS|TAMS 0x00000000fff00000| PB 0x00000000fff00000| Complete 

Card table byte_map: [0x000002e6b8170000,0x000002e6b8570000] _byte_map_base: 0x000002e6b7d70000

Marking Bits: (CMBitMap*) 0x000002e6a5933720
 Bits: [0x000002e6b8570000, 0x000002e6ba570000)

Polling page: 0x000002e6a3800000

Metaspace:

Usage:
  Non-class:    113.78 MB used.
      Class:     18.05 MB used.
       Both:    131.83 MB used.

Virtual space:
  Non-class space:      128.00 MB reserved,     115.00 MB ( 90%) committed,  2 nodes.
      Class space:        1.00 GB reserved,      19.19 MB (  2%) committed,  1 nodes.
             Both:        1.12 GB reserved,     134.19 MB ( 12%) committed. 

Chunk freelists:
   Non-Class:  12.45 MB
       Class:  12.69 MB
        Both:  25.14 MB

MaxMetaspaceSize: unlimited
CompressedClassSpaceSize: 1.00 GB
Initial GC threshold: 21.00 MB
Current GC threshold: 223.44 MB
CDS: off
 - commit_granule_bytes: 65536.
 - commit_granule_words: 8192.
 - virtual_space_node_default_size: 8388608.
 - enlarge_chunks_in_place: 1.
 - use_allocation_guard: 0.


Internal statistics:

num_allocs_failed_limit: 6.
num_arena_births: 4848.
num_arena_deaths: 2.
num_vsnodes_births: 3.
num_vsnodes_deaths: 0.
num_space_committed: 2144.
num_space_uncommitted: 0.
num_chunks_returned_to_freelist: 9.
num_chunks_taken_from_freelist: 10720.
num_chunk_merges: 3.
num_chunk_splits: 6994.
num_chunks_enlarged: 4434.
num_inconsistent_stats: 0.

CodeHeap 'non-profiled nmethods': size=120000Kb used=11320Kb max_used=11380Kb free=108679Kb
 bounds [0x000002e6b0510000, 0x000002e6b1030000, 0x000002e6b7a40000]
CodeHeap 'profiled nmethods': size=120000Kb used=24518Kb max_used=25571Kb free=95481Kb
 bounds [0x000002e6a8a40000, 0x000002e6aa380000, 0x000002e6aff70000]
CodeHeap 'non-nmethods': size=5760Kb used=2035Kb max_used=2179Kb free=3724Kb
 bounds [0x000002e6aff70000, 0x000002e6b01e0000, 0x000002e6b0510000]
CodeCache: size=245760Kb, used=37873Kb, max_used=39130Kb, free=207884Kb
 total_blobs=14551, nmethods=13637, adapters=816, full_count=0
Compilation: enabled, stopped_count=0, restarted_count=0

Compilation events (20 events):
Event: 145.230 Thread 0x000002e6bd226fd0 nmethod 18082 0x000002e6b082af10 code [0x000002e6b082b0a0, 0x000002e6b082b158]
Event: 145.235 Thread 0x000002e6bd226fd0 18083   !   4       java.util.zip.Deflater::deflate (420 bytes)
Event: 145.240 Thread 0x000002e6bd226fd0 nmethod 18083 0x000002e6b0713510 code [0x000002e6b07136c0, 0x000002e6b0713cb0]
Event: 145.240 Thread 0x000002e6bd226fd0 18084       4       java.util.zip.Deflater::ensureOpen (47 bytes)
Event: 145.241 Thread 0x000002e6bd226fd0 nmethod 18084 0x000002e6b07d7f10 code [0x000002e6b07d80a0, 0x000002e6b07d8170]
Event: 145.241 Thread 0x000002e6bd226fd0 18085   !   4       java.util.zip.Deflater::needsInput (55 bytes)
Event: 145.242 Thread 0x000002e6bd226fd0 nmethod 18085 0x000002e6b084dc10 code [0x000002e6b084dda0, 0x000002e6b084e010]
Event: 145.255 Thread 0x000002e6bd22b210 nmethod 18080 0x000002e6aa35f310 code [0x000002e6aa3606c0, 0x000002e6aa36c8d0]
Event: 145.255 Thread 0x000002e6bd22b210 18086   !   3       java.util.zip.Deflater::finished (19 bytes)
Event: 145.256 Thread 0x000002e6bd22b210 nmethod 18086 0x000002e6a8dca910 code [0x000002e6a8dcaac0, 0x000002e6a8dcacc0]
Event: 145.273 Thread 0x000002e6bd226fd0 18087       4       sun.net.util.URLUtil::urlNoFragString (143 bytes)
Event: 145.285 Thread 0x000002e6bd22b210 18089       1       java.net.URLStreamHandler::getDefaultPort (2 bytes)
Event: 145.286 Thread 0x000002e6bd22b210 nmethod 18089 0x000002e6b07d7b90 code [0x000002e6b07d7d20, 0x000002e6b07d7de8]
Event: 145.338 Thread 0x000002e6bd226fd0 nmethod 18087 0x000002e6b0eca310 code [0x000002e6b0eca5e0, 0x000002e6b0ecb880]
Event: 145.338 Thread 0x000002e6bd226fd0 18088       4       java.net.URL::getDefaultPort (8 bytes)
Event: 145.339 Thread 0x000002e6bd226fd0 nmethod 18088 0x000002e6b07ce710 code [0x000002e6b07ce8a0, 0x000002e6b07ce970]
Event: 145.373 Thread 0x000002e6bd22b210 18090       3       java.lang.invoke.MethodHandles::filterArgumentsWithCombiner (9 bytes)
Event: 145.373 Thread 0x000002e6bd22b210 nmethod 18090 0x000002e6a8ab7690 code [0x000002e6a8ab7840, 0x000002e6a8ab7978]
Event: 145.474 Thread 0x000002e6bd22b210 18091       3       java.lang.management.MemoryUsage::<init> (170 bytes)
Event: 145.475 Thread 0x000002e6bd22b210 nmethod 18091 0x000002e6a994b790 code [0x000002e6a994ba40, 0x000002e6a994c420]

GC Heap History (20 events):
Event: 108.564 GC heap before
{Heap before GC invocations=59 (full 0):
 garbage-first heap   total 235520K, used 212543K [0x0000000080000000, 0x0000000100000000)
  region size 1024K, 72 young (73728K), 10 survivors (10240K)
 Metaspace       used 131212K, committed 133632K, reserved 1179648K
  class space    used 17992K, committed 19200K, reserved 1048576K
}
Event: 108.598 GC heap after
{Heap after GC invocations=60 (full 0):
 garbage-first heap   total 235520K, used 156314K [0x0000000080000000, 0x0000000100000000)
  region size 1024K, 6 young (6144K), 6 survivors (6144K)
 Metaspace       used 131212K, committed 133632K, reserved 1179648K
  class space    used 17992K, committed 19200K, reserved 1048576K
}
Event: 110.240 GC heap before
{Heap before GC invocations=61 (full 0):
 garbage-first heap   total 263168K, used 214682K [0x0000000080000000, 0x0000000100000000)
  region size 1024K, 64 young (65536K), 6 survivors (6144K)
 Metaspace       used 131366K, committed 133760K, reserved 1179648K
  class space    used 18016K, committed 19200K, reserved 1048576K
}
Event: 110.260 GC heap after
{Heap after GC invocations=62 (full 0):
 garbage-first heap   total 263168K, used 160941K [0x0000000080000000, 0x0000000100000000)
  region size 1024K, 6 young (6144K), 6 survivors (6144K)
 Metaspace       used 131366K, committed 133760K, reserved 1179648K
  class space    used 18016K, committed 19200K, reserved 1048576K
}
Event: 111.609 GC heap before
{Heap before GC invocations=62 (full 0):
 garbage-first heap   total 263168K, used 237741K [0x0000000080000000, 0x0000000100000000)
  region size 1024K, 82 young (83968K), 6 survivors (6144K)
 Metaspace       used 131431K, committed 133888K, reserved 1179648K
  class space    used 18028K, committed 19200K, reserved 1048576K
}
Event: 111.629 GC heap after
{Heap after GC invocations=63 (full 0):
 garbage-first heap   total 263168K, used 153915K [0x0000000080000000, 0x0000000100000000)
  region size 1024K, 10 young (10240K), 10 survivors (10240K)
 Metaspace       used 131431K, committed 133888K, reserved 1179648K
  class space    used 18028K, committed 19200K, reserved 1048576K
}
Event: 113.864 GC heap before
{Heap before GC invocations=63 (full 0):
 garbage-first heap   total 263168K, used 238907K [0x0000000080000000, 0x0000000100000000)
  region size 1024K, 94 young (96256K), 10 survivors (10240K)
 Metaspace       used 131746K, committed 134208K, reserved 1179648K
  class space    used 18062K, committed 19264K, reserved 1048576K
}
Event: 113.888 GC heap after
{Heap after GC invocations=64 (full 0):
 garbage-first heap   total 263168K, used 157876K [0x0000000080000000, 0x0000000100000000)
  region size 1024K, 10 young (10240K), 10 survivors (10240K)
 Metaspace       used 131746K, committed 134208K, reserved 1179648K
  class space    used 18062K, committed 19264K, reserved 1048576K
}
Event: 123.040 GC heap before
{Heap before GC invocations=65 (full 0):
 garbage-first heap   total 265216K, used 240820K [0x0000000080000000, 0x0000000100000000)
  region size 1024K, 92 young (94208K), 10 survivors (10240K)
 Metaspace       used 131830K, committed 134272K, reserved 1179648K
  class space    used 18064K, committed 19264K, reserved 1048576K
}
Event: 123.059 GC heap after
{Heap after GC invocations=66 (full 0):
 garbage-first heap   total 265216K, used 162698K [0x0000000080000000, 0x0000000100000000)
  region size 1024K, 11 young (11264K), 11 survivors (11264K)
 Metaspace       used 131830K, committed 134272K, reserved 1179648K
  class space    used 18064K, committed 19264K, reserved 1048576K
}
Event: 124.128 GC heap before
{Heap before GC invocations=66 (full 0):
 garbage-first heap   total 265216K, used 243594K [0x0000000080000000, 0x0000000100000000)
  region size 1024K, 91 young (93184K), 11 survivors (11264K)
 Metaspace       used 131883K, committed 134336K, reserved 1179648K
  class space    used 18070K, committed 19264K, reserved 1048576K
}
Event: 124.148 GC heap after
{Heap after GC invocations=67 (full 0):
 garbage-first heap   total 265216K, used 160864K [0x0000000080000000, 0x0000000100000000)
  region size 1024K, 10 young (10240K), 10 survivors (10240K)
 Metaspace       used 131883K, committed 134336K, reserved 1179648K
  class space    used 18070K, committed 19264K, reserved 1048576K
}
Event: 125.165 GC heap before
{Heap before GC invocations=67 (full 0):
 garbage-first heap   total 265216K, used 245856K [0x0000000080000000, 0x0000000100000000)
  region size 1024K, 93 young (95232K), 10 survivors (10240K)
 Metaspace       used 131920K, committed 134336K, reserved 1179648K
  class space    used 18071K, committed 19264K, reserved 1048576K
}
Event: 125.180 GC heap after
{Heap after GC invocations=68 (full 0):
 garbage-first heap   total 265216K, used 164062K [0x0000000080000000, 0x0000000100000000)
  region size 1024K, 8 young (8192K), 8 survivors (8192K)
 Metaspace       used 131920K, committed 134336K, reserved 1179648K
  class space    used 18071K, committed 19264K, reserved 1048576K
}
Event: 126.057 GC heap before
{Heap before GC invocations=69 (full 0):
 garbage-first heap   total 275456K, used 247006K [0x0000000080000000, 0x0000000100000000)
  region size 1024K, 90 young (92160K), 8 survivors (8192K)
 Metaspace       used 131980K, committed 134400K, reserved 1179648K
  class space    used 18079K, committed 19264K, reserved 1048576K
}
Event: 126.070 GC heap after
{Heap after GC invocations=70 (full 0):
 garbage-first heap   total 275456K, used 167953K [0x0000000080000000, 0x0000000100000000)
  region size 1024K, 9 young (9216K), 9 survivors (9216K)
 Metaspace       used 131980K, committed 134400K, reserved 1179648K
  class space    used 18079K, committed 19264K, reserved 1048576K
}
Event: 129.957 GC heap before
{Heap before GC invocations=70 (full 0):
 garbage-first heap   total 275456K, used 256017K [0x0000000080000000, 0x0000000100000000)
  region size 1024K, 96 young (98304K), 9 survivors (9216K)
 Metaspace       used 132034K, committed 134464K, reserved 1179648K
  class space    used 18087K, committed 19264K, reserved 1048576K
}
Event: 129.978 GC heap after
{Heap after GC invocations=71 (full 0):
 garbage-first heap   total 275456K, used 168410K [0x0000000080000000, 0x0000000100000000)
  region size 1024K, 9 young (9216K), 9 survivors (9216K)
 Metaspace       used 132034K, committed 134464K, reserved 1179648K
  class space    used 18087K, committed 19264K, reserved 1048576K
}
Event: 144.023 GC heap before
{Heap before GC invocations=71 (full 0):
 garbage-first heap   total 275456K, used 202202K [0x0000000080000000, 0x0000000100000000)
  region size 1024K, 44 young (45056K), 9 survivors (9216K)
 Metaspace       used 134849K, committed 137280K, reserved 1179648K
  class space    used 18470K, committed 19648K, reserved 1048576K
}
Event: 144.121 GC heap after
{Heap after GC invocations=72 (full 0):
 garbage-first heap   total 275456K, used 173020K [0x0000000080000000, 0x0000000100000000)
  region size 1024K, 10 young (10240K), 10 survivors (10240K)
 Metaspace       used 134849K, committed 137280K, reserved 1179648K
  class space    used 18470K, committed 19648K, reserved 1048576K
}

Dll operation events (3 events):
Event: 0.023 Loaded shared library C:\Program Files\Android\Android Studio\jbr\bin\java.dll
Event: 0.031 Loaded shared library C:\Program Files\Android\Android Studio\jbr\bin\zip.dll
Event: 2.128 Loaded shared library C:\Program Files\Android\Android Studio\jbr\bin\verify.dll

Deoptimization events (20 events):
Event: 132.028 Thread 0x000002e6c7304b20 Uncommon trap: trap_request=0xffffffde fr.pc=0x000002e6b07dd9f4 relative=0x0000000000000174
Event: 132.028 Thread 0x000002e6c7304b20 Uncommon trap: reason=class_check action=maybe_recompile pc=0x000002e6b07dd9f4 method=sun.nio.ch.IOUtil.writeFromNativeBuffer(Ljava/io/FileDescriptor;Ljava/nio/ByteBuffer;JZZILsun/nio/ch/NativeDispatcher;)I @ 162 c2
Event: 132.028 Thread 0x000002e6c7304b20 DEOPT PACKING pc=0x000002e6b07dd9f4 sp=0x000000ed2c5fd7c0
Event: 132.028 Thread 0x000002e6c7304b20 DEOPT UNPACKING pc=0x000002e6affc43a2 sp=0x000000ed2c5fd710 mode 2
Event: 132.064 Thread 0x000002e6c7304b20 Uncommon trap: trap_request=0xffffffde fr.pc=0x000002e6b07dd9f4 relative=0x0000000000000174
Event: 132.064 Thread 0x000002e6c7304b20 Uncommon trap: reason=class_check action=maybe_recompile pc=0x000002e6b07dd9f4 method=sun.nio.ch.IOUtil.writeFromNativeBuffer(Ljava/io/FileDescriptor;Ljava/nio/ByteBuffer;JZZILsun/nio/ch/NativeDispatcher;)I @ 162 c2
Event: 132.064 Thread 0x000002e6c7304b20 DEOPT PACKING pc=0x000002e6b07dd9f4 sp=0x000000ed2c5fd7c0
Event: 132.064 Thread 0x000002e6c7304b20 DEOPT UNPACKING pc=0x000002e6affc43a2 sp=0x000000ed2c5fd710 mode 2
Event: 143.971 Thread 0x000002e6c7306bf0 Uncommon trap: trap_request=0xffffffde fr.pc=0x000002e6b08940a4 relative=0x0000000000000804
Event: 143.971 Thread 0x000002e6c7306bf0 Uncommon trap: reason=class_check action=maybe_recompile pc=0x000002e6b08940a4 method=java.lang.ThreadLocal.setInitialValue(Ljava/lang/Thread;)Ljava/lang/Object; @ 27 c2
Event: 143.971 Thread 0x000002e6c7306bf0 DEOPT PACKING pc=0x000002e6b08940a4 sp=0x000000ed307fdcc0
Event: 143.971 Thread 0x000002e6c7306bf0 DEOPT UNPACKING pc=0x000002e6affc43a2 sp=0x000000ed307fdc90 mode 2
Event: 143.996 Thread 0x000002e6c73051b0 Uncommon trap: trap_request=0xffffffde fr.pc=0x000002e6b08940a4 relative=0x0000000000000804
Event: 143.996 Thread 0x000002e6c73051b0 Uncommon trap: reason=class_check action=maybe_recompile pc=0x000002e6b08940a4 method=java.lang.ThreadLocal.setInitialValue(Ljava/lang/Thread;)Ljava/lang/Object; @ 27 c2
Event: 143.996 Thread 0x000002e6c73051b0 DEOPT PACKING pc=0x000002e6b08940a4 sp=0x000000ed314fece0
Event: 143.996 Thread 0x000002e6c7307280 Uncommon trap: trap_request=0xffffffde fr.pc=0x000002e6b08940a4 relative=0x0000000000000804
Event: 143.996 Thread 0x000002e6c7307280 Uncommon trap: reason=class_check action=maybe_recompile pc=0x000002e6b08940a4 method=java.lang.ThreadLocal.setInitialValue(Ljava/lang/Thread;)Ljava/lang/Object; @ 27 c2
Event: 143.996 Thread 0x000002e6c7307280 DEOPT PACKING pc=0x000002e6b08940a4 sp=0x000000ed315fea60
Event: 143.996 Thread 0x000002e6c73051b0 DEOPT UNPACKING pc=0x000002e6affc43a2 sp=0x000000ed314fecb0 mode 2
Event: 143.996 Thread 0x000002e6c7307280 DEOPT UNPACKING pc=0x000002e6affc43a2 sp=0x000000ed315fea30 mode 2

Classes loaded (20 events):
Event: 131.859 Loading class sun/nio/ch/FileChannelImpl$DefaultUnmapper
Event: 131.860 Loading class sun/nio/ch/FileChannelImpl$Unmapper
Event: 131.860 Loading class jdk/internal/access/foreign/UnmapperProxy
Event: 131.860 Loading class jdk/internal/access/foreign/UnmapperProxy done
Event: 131.860 Loading class sun/nio/ch/FileChannelImpl$Unmapper done
Event: 131.860 Loading class sun/nio/ch/FileChannelImpl$DefaultUnmapper done
Event: 131.860 Loading class sun/nio/ch/Util$4
Event: 131.866 Loading class sun/nio/ch/Util$4 done
Event: 143.886 Loading class java/util/concurrent/ForkJoinTask$AdaptedInterruptibleCallable
Event: 143.943 Loading class java/util/concurrent/ForkJoinTask$InterruptibleTask
Event: 143.943 Loading class java/util/concurrent/ForkJoinTask$InterruptibleTask done
Event: 143.944 Loading class java/util/concurrent/ForkJoinTask$AdaptedInterruptibleCallable done
Event: 143.944 Loading class java/util/concurrent/ForkJoinPool$DefaultForkJoinWorkerThreadFactory$1
Event: 143.969 Loading class java/util/concurrent/ForkJoinPool$DefaultForkJoinWorkerThreadFactory$1 done
Event: 144.259 Loading class java/util/zip/Deflater
Event: 144.416 Loading class java/util/zip/Deflater done
Event: 144.761 Loading class java/util/zip/Deflater$DeflaterZStreamRef
Event: 144.761 Loading class java/util/zip/Deflater$DeflaterZStreamRef done
Event: 145.398 Loading class java/util/concurrent/CountedCompleter
Event: 145.398 Loading class java/util/concurrent/CountedCompleter done

Classes unloaded (1 events):
Event: 109.199 Thread 0x000002e6bd13d060 Unloading class 0x0000000100f88000 'java/lang/invoke/LambdaForm$MH+0x0000000100f88000'

Classes redefined (0 events):
No events

Internal exceptions (20 events):
Event: 143.971 Thread 0x000002e6c7306bf0 Exception <a 'sun/nio/fs/WindowsException'{0x000000008dd3e828}> (0x000000008dd3e828) 
thrown [s\src\hotspot\share\prims\jni.cpp, line 537]
Event: 143.973 Thread 0x000002e6c7304b20 Exception <a 'sun/nio/fs/WindowsException'{0x000000008dd91f18}> (0x000000008dd91f18) 
thrown [s\src\hotspot\share\prims\jni.cpp, line 537]
Event: 143.994 Thread 0x000002e6c7306bf0 Exception <a 'sun/nio/fs/WindowsException'{0x000000008dd45c28}> (0x000000008dd45c28) 
thrown [s\src\hotspot\share\prims\jni.cpp, line 537]
Event: 143.995 Thread 0x000002e6c7306bf0 Exception <a 'sun/nio/fs/WindowsException'{0x000000008ddce398}> (0x000000008ddce398) 
thrown [s\src\hotspot\share\prims\jni.cpp, line 537]
Event: 144.181 Thread 0x000002e6c7303e00 Exception <a 'sun/nio/fs/WindowsException'{0x00000000fff10548}> (0x00000000fff10548) 
thrown [s\src\hotspot\share\prims\jni.cpp, line 537]
Event: 144.181 Thread 0x000002e6c7304b20 Exception <a 'sun/nio/fs/WindowsException'{0x00000000fff5b890}> (0x00000000fff5b890) 
thrown [s\src\hotspot\share\prims\jni.cpp, line 537]
Event: 144.182 Thread 0x000002e6c7309350 Exception <a 'sun/nio/fs/WindowsException'{0x00000000fff77170}> (0x00000000fff77170) 
thrown [s\src\hotspot\share\prims\jni.cpp, line 537]
Event: 144.258 Thread 0x000002e6c7309350 Exception <a 'sun/nio/fs/WindowsException'{0x00000000fff80c40}> (0x00000000fff80c40) 
thrown [s\src\hotspot\share\prims\jni.cpp, line 537]
Event: 144.488 Thread 0x000002e6c7304b20 Exception <a 'sun/nio/fs/WindowsException'{0x00000000ffe33d80}> (0x00000000ffe33d80) 
thrown [s\src\hotspot\share\prims\jni.cpp, line 537]
Event: 144.561 Thread 0x000002e6c7304b20 Exception <a 'sun/nio/fs/WindowsException'{0x00000000ffe3b5e0}> (0x00000000ffe3b5e0) 
thrown [s\src\hotspot\share\prims\jni.cpp, line 537]
Event: 144.562 Thread 0x000002e6c7304b20 Exception <a 'sun/nio/fs/WindowsException'{0x00000000ffe41de0}> (0x00000000ffe41de0) 
thrown [s\src\hotspot\share\prims\jni.cpp, line 537]
Event: 144.562 Thread 0x000002e6c7304b20 Exception <a 'sun/nio/fs/WindowsException'{0x00000000ffe48940}> (0x00000000ffe48940) 
thrown [s\src\hotspot\share\prims\jni.cpp, line 537]
Event: 145.103 Thread 0x000002e6c3797620 Exception <a 'sun/nio/fs/WindowsException'{0x00000000ffce5b98}> (0x00000000ffce5b98) 
thrown [s\src\hotspot\share\prims\jni.cpp, line 537]
Event: 145.207 Thread 0x000002e6c7304b20 Exception <a 'sun/nio/fs/WindowsException'{0x00000000ffb7bb28}> (0x00000000ffb7bb28) 
thrown [s\src\hotspot\share\prims\jni.cpp, line 537]
Event: 145.270 Thread 0x000002e6c7304b20 Exception <a 'sun/nio/fs/WindowsException'{0x00000000ffa55670}> (0x00000000ffa55670) 
thrown [s\src\hotspot\share\prims\jni.cpp, line 537]
Event: 145.272 Thread 0x000002e6c7304b20 Exception <a 'sun/nio/fs/WindowsException'{0x00000000ffa5df18}> (0x00000000ffa5df18) 
thrown [s\src\hotspot\share\prims\jni.cpp, line 537]
Event: 145.282 Thread 0x000002e6c7304b20 Exception <a 'sun/nio/fs/WindowsException'{0x00000000ffaa2ba0}> (0x00000000ffaa2ba0) 
thrown [s\src\hotspot\share\prims\jni.cpp, line 537]
Event: 145.294 Thread 0x000002e6c7304b20 Exception <a 'sun/nio/fs/WindowsException'{0x00000000ffaaada8}> (0x00000000ffaaada8) 
thrown [s\src\hotspot\share\prims\jni.cpp, line 537]
Event: 145.299 Thread 0x000002e6c7304b20 Exception <a 'sun/nio/fs/WindowsException'{0x00000000ffac36e0}> (0x00000000ffac36e0) 
thrown [s\src\hotspot\share\prims\jni.cpp, line 537]
Event: 145.375 Thread 0x000002e6c7304b20 Exception <a 'sun/nio/fs/WindowsException'{0x00000000ffacf478}> (0x00000000ffacf478) 
thrown [s\src\hotspot\share\prims\jni.cpp, line 537]

ZGC Phase Switch (0 events):
No events

VM Operations (20 events):
Event: 131.467 Executing non-safepoint VM operation: HandshakeAllThreads (Deoptimize)
Event: 131.467 Executing non-safepoint VM operation: HandshakeAllThreads (Deoptimize) done
Event: 131.472 Executing non-safepoint VM operation: HandshakeAllThreads (Deoptimize)
Event: 131.472 Executing non-safepoint VM operation: HandshakeAllThreads (Deoptimize) done
Event: 131.623 Executing non-safepoint VM operation: HandshakeAllThreads (Deoptimize)
Event: 131.623 Executing non-safepoint VM operation: HandshakeAllThreads (Deoptimize) done
Event: 132.626 Executing safepoint VM operation: Cleanup
Event: 132.627 Executing safepoint VM operation: Cleanup done
Event: 136.660 Executing safepoint VM operation: Cleanup
Event: 136.660 Executing safepoint VM operation: Cleanup done
Event: 144.022 Executing safepoint VM operation: G1TryInitiateConcMark (G1 Humongous Allocation)
Event: 144.121 Executing safepoint VM operation: G1TryInitiateConcMark (G1 Humongous Allocation) done
Event: 144.273 Executing safepoint VM operation: G1PauseRemark
Event: 144.415 Executing safepoint VM operation: G1PauseRemark done
Event: 144.521 Executing safepoint VM operation: G1PauseCleanup
Event: 144.537 Executing safepoint VM operation: G1PauseCleanup done
Event: 145.324 Executing non-safepoint VM operation: HandshakeAllThreads (Deoptimize)
Event: 145.372 Executing non-safepoint VM operation: HandshakeAllThreads (Deoptimize) done
Event: 146.372 Executing safepoint VM operation: Cleanup
Event: 146.925 Executing safepoint VM operation: Cleanup done

Memory protections (0 events):
No events

Nmethod flushes (20 events):
Event: 144.397 Thread 0x000002e6bd13d060 flushing  nmethod 0x000002e6a932a190
Event: 144.397 Thread 0x000002e6bd13d060 flushing  nmethod 0x000002e6a93b6910
Event: 144.397 Thread 0x000002e6bd13d060 flushing  nmethod 0x000002e6a93c0010
Event: 144.397 Thread 0x000002e6bd13d060 flushing  nmethod 0x000002e6a941f810
Event: 144.397 Thread 0x000002e6bd13d060 flushing  nmethod 0x000002e6a9458c10
Event: 144.397 Thread 0x000002e6bd13d060 flushing  nmethod 0x000002e6a945b790
Event: 144.397 Thread 0x000002e6bd13d060 flushing  nmethod 0x000002e6a945c390
Event: 144.397 Thread 0x000002e6bd13d060 flushing  nmethod 0x000002e6a945d490
Event: 144.397 Thread 0x000002e6bd13d060 flushing  nmethod 0x000002e6a949e790
Event: 144.397 Thread 0x000002e6bd13d060 flushing  nmethod 0x000002e6a952ab10
Event: 144.397 Thread 0x000002e6bd13d060 flushing  nmethod 0x000002e6a9619590
Event: 144.397 Thread 0x000002e6bd13d060 flushing  nmethod 0x000002e6a961bb10
Event: 144.397 Thread 0x000002e6bd13d060 flushing  nmethod 0x000002e6a9669810
Event: 144.397 Thread 0x000002e6bd13d060 flushing  nmethod 0x000002e6a9674590
Event: 144.397 Thread 0x000002e6bd13d060 flushing  nmethod 0x000002e6a96c4310
Event: 144.397 Thread 0x000002e6bd13d060 flushing  nmethod 0x000002e6a9713190
Event: 144.397 Thread 0x000002e6bd13d060 flushing  nmethod 0x000002e6a9fda290
Event: 144.397 Thread 0x000002e6bd13d060 flushing  nmethod 0x000002e6aa147d90
Event: 144.397 Thread 0x000002e6bd13d060 flushing  nmethod 0x000002e6aa281710
Event: 144.397 Thread 0x000002e6bd13d060 flushing  nmethod 0x000002e6aa286610

Events (20 events):
Event: 112.140 Thread 0x000002e6c8207ff0 Thread exited: 0x000002e6c8207ff0
Event: 112.779 Thread 0x000002e6bd226fd0 Thread added: 0x000002e6c8207ff0
Event: 115.722 Thread 0x000002e6c8207ff0 Thread exited: 0x000002e6c8207ff0
Event: 118.618 Thread 0x000002e6bd226fd0 Thread added: 0x000002e6c8208d90
Event: 119.821 Thread 0x000002e6c8208d90 Thread exited: 0x000002e6c8208d90
Event: 123.086 Thread 0x000002e6bd226fd0 Thread added: 0x000002e6c8208d90
Event: 125.564 Thread 0x000002e6bd226fd0 Thread added: 0x000002e6c5060b60
Event: 128.375 Thread 0x000002e6c5060b60 Thread exited: 0x000002e6c5060b60
Event: 128.735 Thread 0x000002e6c8208d90 Thread exited: 0x000002e6c8208d90
Event: 131.031 Thread 0x000002e6c622ba10 Thread exited: 0x000002e6c622ba10
Event: 131.207 Thread 0x000002e6c7db58a0 Thread added: 0x000002e6c7304b20
Event: 131.344 Thread 0x000002e6bd226fd0 Thread added: 0x000002e6c5061230
Event: 133.089 Thread 0x000002e6c5061230 Thread exited: 0x000002e6c5061230
Event: 143.970 Thread 0x000002e6c7304b20 Thread added: 0x000002e6c7306bf0
Event: 143.971 Thread 0x000002e6c7306bf0 Thread added: 0x000002e6c73051b0
Event: 143.971 Thread 0x000002e6c73051b0 Thread added: 0x000002e6c7307280
Event: 143.992 Thread 0x000002e6c7307280 Thread added: 0x000002e6c7303e00
Event: 143.993 Thread 0x000002e6c7303e00 Thread added: 0x000002e6c7308630
Event: 143.993 Thread 0x000002e6c7308630 Thread added: 0x000002e6c7308cc0
Event: 144.122 Thread 0x000002e6c7308cc0 Thread added: 0x000002e6c7309350


Dynamic libraries:
0x00007ff7639c0000 - 0x00007ff7639ca000 	C:\Program Files\Android\Android Studio\jbr\bin\java.exe
0x00007ff811a40000 - 0x00007ff811ca6000 	C:\WINDOWS\SYSTEM32\ntdll.dll
0x00007ff811120000 - 0x00007ff8111e9000 	C:\WINDOWS\System32\KERNEL32.DLL
0x00007ff80edb0000 - 0x00007ff80f1a9000 	C:\WINDOWS\System32\KERNELBASE.dll
0x00007ff80f3e0000 - 0x00007ff80f52c000 	C:\WINDOWS\System32\ucrtbase.dll
0x00007fffb7a30000 - 0x00007fffb7a48000 	C:\Program Files\Android\Android Studio\jbr\bin\jli.dll
0x00007fffebbb0000 - 0x00007fffebbcb000 	C:\Program Files\Android\Android Studio\jbr\bin\VCRUNTIME140.dll
0x00007ff8112a0000 - 0x00007ff811467000 	C:\WINDOWS\System32\USER32.dll
0x00007ff80ecd0000 - 0x00007ff80ecf7000 	C:\WINDOWS\System32\win32u.dll
0x00007ffffbd90000 - 0x00007ffffc022000 	C:\WINDOWS\WinSxS\amd64_microsoft.windows.common-controls_6595b64144ccf1df_6.0.26100.8283_none_3e0e8bf4e32ece0c\COMCTL32.dll
0x00007ff810ac0000 - 0x00007ff810aeb000 	C:\WINDOWS\System32\GDI32.dll
0x00007ff8111f0000 - 0x00007ff811299000 	C:\WINDOWS\System32\msvcrt.dll
0x00007ff80f530000 - 0x00007ff80f65b000 	C:\WINDOWS\System32\gdi32full.dll
0x00007ff80f1b0000 - 0x00007ff80f253000 	C:\WINDOWS\System32\msvcp_win.dll
0x00007ff810fd0000 - 0x00007ff811002000 	C:\WINDOWS\System32\IMM32.DLL
0x00007ffff0a10000 - 0x00007ffff0a1c000 	C:\Program Files\Android\Android Studio\jbr\bin\vcruntime140_1.dll
0x00007fffabf00000 - 0x00007fffabf8d000 	C:\Program Files\Android\Android Studio\jbr\bin\msvcp140.dll
0x00007fffc31e0000 - 0x00007fffc3e76000 	C:\Program Files\Android\Android Studio\jbr\bin\server\jvm.dll
0x00007ff811910000 - 0x00007ff8119c6000 	C:\WINDOWS\System32\ADVAPI32.dll
0x00007ff810f20000 - 0x00007ff810fc7000 	C:\WINDOWS\System32\sechost.dll
0x00007ff8116e0000 - 0x00007ff8117f8000 	C:\WINDOWS\System32\RPCRT4.dll
0x00007ff810dd0000 - 0x00007ff810e50000 	C:\WINDOWS\System32\WS2_32.dll
0x00007ff80eb30000 - 0x00007ff80eb8e000 	C:\WINDOWS\SYSTEM32\POWRPROF.dll
0x00007ffffd710000 - 0x00007ffffd746000 	C:\WINDOWS\SYSTEM32\WINMM.dll
0x00007ff800b60000 - 0x00007ff800b6b000 	C:\WINDOWS\SYSTEM32\VERSION.dll
0x00007ff80eb10000 - 0x00007ff80eb24000 	C:\WINDOWS\SYSTEM32\UMPDC.dll
0x00007ff80da20000 - 0x00007ff80da3b000 	C:\WINDOWS\SYSTEM32\kernel.appcore.dll
0x00007ffff06d0000 - 0x00007ffff06da000 	C:\Program Files\Android\Android Studio\jbr\bin\jimage.dll
0x00007ff80c3a0000 - 0x00007ff80c5e2000 	C:\WINDOWS\SYSTEM32\DBGHELP.DLL
0x00007ff810730000 - 0x00007ff810ab3000 	C:\WINDOWS\System32\combase.dll
0x00007ff811010000 - 0x00007ff8110e9000 	C:\WINDOWS\System32\OLEAUT32.dll
0x00007ff80c360000 - 0x00007ff80c39b000 	C:\WINDOWS\SYSTEM32\dbgcore.DLL
0x00007ff80ed00000 - 0x00007ff80eda8000 	C:\WINDOWS\System32\bcryptPrimitives.dll
0x00007ff8078e0000 - 0x00007ff8078ee000 	C:\Program Files\Android\Android Studio\jbr\bin\instrument.dll
0x00007fffd5d80000 - 0x00007fffd5da0000 	C:\Program Files\Android\Android Studio\jbr\bin\java.dll
0x00007fffd3480000 - 0x00007fffd3498000 	C:\Program Files\Android\Android Studio\jbr\bin\zip.dll
0x00007ff80fe70000 - 0x00007ff8105ef000 	C:\WINDOWS\System32\SHELL32.dll
0x00007ff80c880000 - 0x00007ff80d0f6000 	C:\WINDOWS\SYSTEM32\windows.storage.dll
0x00007ff8115e0000 - 0x00007ff8116d9000 	C:\WINDOWS\System32\SHCORE.dll
0x00007ff811880000 - 0x00007ff8118e7000 	C:\WINDOWS\System32\shlwapi.dll
0x00007ff80ebf0000 - 0x00007ff80ec19000 	C:\WINDOWS\SYSTEM32\profapi.dll
0x00007fffd6b10000 - 0x00007fffd6b20000 	C:\Program Files\Android\Android Studio\jbr\bin\net.dll
0x00007ff80bf30000 - 0x00007ff80c059000 	C:\WINDOWS\SYSTEM32\WINHTTP.dll
0x00007ff80dfc0000 - 0x00007ff80e02c000 	C:\WINDOWS\system32\mswsock.dll
0x00007fffbf670000 - 0x00007fffbf686000 	C:\Program Files\Android\Android Studio\jbr\bin\nio.dll
0x00007fffbdfb0000 - 0x00007fffbdfc0000 	C:\Program Files\Android\Android Studio\jbr\bin\verify.dll
0x00007fffaca40000 - 0x00007fffaca67000 	C:\Users\82104\.gradle\native\660c5614fbf4a5f2a75b1949f50a0caf5cd603558e7d8a26e50b933a0cfb79d1\windows-amd64\native-platform.dll
0x00007fffd7370000 - 0x00007fffd73e7000 	C:\Users\82104\.gradle\native\0.2.8\x86_64-windows-gnu\gradle-fileevents.dll
0x00007fffbe130000 - 0x00007fffbe139000 	C:\Program Files\Android\Android Studio\jbr\bin\management.dll
0x00007fffbe0f0000 - 0x00007fffbe0fb000 	C:\Program Files\Android\Android Studio\jbr\bin\management_ext.dll
0x00007ff8118f0000 - 0x00007ff8118f8000 	C:\WINDOWS\System32\PSAPI.DLL
0x00007ff80d400000 - 0x00007ff80d433000 	C:\WINDOWS\SYSTEM32\IPHLPAPI.DLL
0x00007ff811900000 - 0x00007ff81190a000 	C:\WINDOWS\System32\NSI.dll
0x00007fffbe1e0000 - 0x00007fffbe1e9000 	C:\Program Files\Android\Android Studio\jbr\bin\extnet.dll
0x00007ff80e2a0000 - 0x00007ff80e2bb000 	C:\WINDOWS\SYSTEM32\CRYPTSP.dll
0x00007ff80d980000 - 0x00007ff80d9b9000 	C:\WINDOWS\system32\rsaenh.dll
0x00007ff80e070000 - 0x00007ff80e0a3000 	C:\WINDOWS\SYSTEM32\USERENV.dll
0x00007ff80ebc0000 - 0x00007ff80ebea000 	C:\WINDOWS\SYSTEM32\bcrypt.dll
0x00007ff80e2c0000 - 0x00007ff80e2cc000 	C:\WINDOWS\SYSTEM32\CRYPTBASE.dll
0x00007ff8076f0000 - 0x00007ff8076f8000 	C:\WINDOWS\system32\wshunix.dll

JVMTI agents:
C:\Users\82104\.gradle\wrapper\dists\gradle-9.4.1-bin\arn2x92ynaizyzdaamcbpbhtj\gradle-9.4.1\lib\agents\gradle-instrumentation-agent-9.4.1.jar path:C:\Program Files\Android\Android Studio\jbr\bin\instrument.dll, loaded, initialized, instrumentlib options:none

dbghelp: loaded successfully - version: 4.0.5 - missing functions: none
symbol engine: initialized successfully - sym options: 0x614 - pdb path: .;C:\Program Files\Android\Android Studio\jbr\bin;C:\WINDOWS\SYSTEM32;C:\WINDOWS\WinSxS\amd64_microsoft.windows.common-controls_6595b64144ccf1df_6.0.26100.8283_none_3e0e8bf4e32ece0c;C:\Program Files\Android\Android Studio\jbr\bin\server;C:\Users\82104\.gradle\native\660c5614fbf4a5f2a75b1949f50a0caf5cd603558e7d8a26e50b933a0cfb79d1\windows-amd64;C:\Users\82104\.gradle\native\0.2.8\x86_64-windows-gnu

VM Arguments:
jvm_args: --add-opens=java.base/java.lang=ALL-UNNAMED --add-opens=java.base/java.lang.invoke=ALL-UNNAMED --add-opens=java.base/java.util=ALL-UNNAMED --add-opens=java.prefs/java.util.prefs=ALL-UNNAMED --add-exports=jdk.compiler/com.sun.tools.javac.api=ALL-UNNAMED --add-exports=jdk.compiler/com.sun.tools.javac.util=ALL-UNNAMED --add-opens=java.base/java.util=ALL-UNNAMED --add-opens=java.prefs/java.util.prefs=ALL-UNNAMED --add-opens=java.base/java.nio.charset=ALL-UNNAMED --add-opens=java.base/java.net=ALL-UNNAMED --add-opens=java.base/java.util.concurrent=ALL-UNNAMED --add-opens=java.base/java.util.concurrent.atomic=ALL-UNNAMED --add-opens=java.xml/javax.xml.namespace=ALL-UNNAMED --add-opens=java.base/java.time=ALL-UNNAMED -Xmx2048m -Dfile.encoding=UTF-8 -Duser.country=KR -Duser.language=ko -Duser.variant -javaagent:C:\Users\82104\.gradle\wrapper\dists\gradle-9.4.1-bin\arn2x92ynaizyzdaamcbpbhtj\gradle-9.4.1\lib\agents\gradle-instrumentation-agent-9.4.1.jar 
java_command: org.gradle.launcher.daemon.bootstrap.GradleDaemon 9.4.1
java_class_path (initial): C:\Users\82104\.gradle\wrapper\dists\gradle-9.4.1-bin\arn2x92ynaizyzdaamcbpbhtj\gradle-9.4.1\lib\gradle-daemon-main-9.4.1.jar
Launcher Type: SUN_STANDARD

[Global flags]
     intx CICompilerCount                          = 4                                         {product} {ergonomic}
     uint ConcGCThreads                            = 2                                         {product} {ergonomic}
     uint G1ConcRefinementThreads                  = 8                                         {product} {ergonomic}
   size_t G1HeapRegionSize                         = 1048576                                   {product} {ergonomic}
    uintx GCDrainStackTargetSize                   = 64                                        {product} {ergonomic}
   size_t InitialHeapSize                          = 132120576                                 {product} {ergonomic}
   size_t MarkStackSize                            = 4194304                                   {product} {ergonomic}
   size_t MaxHeapSize                              = 2147483648                                {product} {command line}
   size_t MaxNewSize                               = 1287651328                                {product} {ergonomic}
   size_t MinHeapDeltaBytes                        = 1048576                                   {product} {ergonomic}
   size_t MinHeapSize                              = 8388608                                   {product} {ergonomic}
    uintx NonNMethodCodeHeapSize                   = 5839372                                {pd product} {ergonomic}
    uintx NonProfiledCodeHeapSize                  = 122909434                              {pd product} {ergonomic}
    uintx ProfiledCodeHeapSize                     = 122909434                              {pd product} {ergonomic}
    uintx ReservedCodeCacheSize                    = 251658240                              {pd product} {ergonomic}
     bool SegmentedCodeCache                       = true                                      {product} {ergonomic}
   size_t SoftMaxHeapSize                          = 2147483648                             {manageable} {ergonomic}
     bool UseCompressedOops                        = true                           {product lp64_product} {ergonomic}
     bool UseG1GC                                  = true                                      {product} {ergonomic}
     bool UseLargePagesIndividualAllocation        = false                                  {pd product} {ergonomic}

Logging:
Log output configuration:
 #0: stdout all=warning uptime,level,tags foldmultilines=false
 #1: stderr all=off uptime,level,tags foldmultilines=false

Release file:
JAVA_VERSION="21.0.10" 
MODULES="java.base java.compiler java.datatransfer java.xml java.prefs java.desktop java.instrument java.logging java.management java.security.sasl java.naming java.rmi java.management.rmi java.net.http java.scripting java.security.jgss java.transaction.xa java.sql java.sql.rowset java.xml.crypto java.se java.smartcardio jdk.accessibility jdk.internal.jvmstat jdk.attach jdk.charsets jdk.internal.opt jdk.zipfs jdk.compiler jdk.crypto.ec jdk.crypto.cryptoki jdk.dynalink jdk.hotspot.agent jdk.httpserver jdk.internal.ed jdk.internal.le jdk.internal.vm.ci jdk.jartool jdk.javadoc jdk.jcmd jdk.jdeps jdk.jdwp.agent jdk.jdi jdk.jfr jdk.jlink jdk.jsobject jdk.localedata jdk.management jdk.management.agent jdk.management.jfr jdk.naming.dns jdk.naming.rmi jdk.net jdk.sctp jdk.security.auth jdk.security.jgss jdk.unsupported jdk.unsupported.desktop jdk.xml.dom" 
IMPLEMENTOR="JetBrains s.r.o." 
JAVA_RUNTIME_VERSION="21.0.10+-14961533-b1163.108" 
LIBC="default" 
OS_ARCH="x86_64" 
OS_NAME="Windows" 
SOURCE=".:git:1351622c2ff2" 

Environment Variables:
JAVA_HOME=C:\Program Files\Android\Android Studio\jbr
PATH=C:\Program Files (x86)\Intel\Intel(R) Management Engine Components\iCLS\;C:\Program Files\Intel\Intel(R) Management Engine Components\iCLS\;C:\WINDOWS\system32;C:\WINDOWS;C:\WINDOWS\System32\Wbem;C:\WINDOWS\System32\WindowsPowerShell\v1.0\;C:\WINDOWS\System32\OpenSSH\;C:\Program Files (x86)\Intel\Intel(R) Management Engine Components\DAL;C:\Program Files\Intel\Intel(R) Management Engine Components\DAL;C:\Program Files (x86)\Windows Kits\10\Windows Performance Toolkit\;C:\Program Files\Git\cmd;C:\Program Files\Android\Android Studio\jbr\bin;C:\Program Files\nodejs\;C:\MinGW\bin;C:\MinGW\msys\1.0\bin;C:\Users\82104\AppData\Local\Programs\Python\Python311\Scripts\;C:\Users\82104\AppData\Local\Programs\Python\Python311\;C:\Users\82104\AppData\Local\Microsoft\WindowsApps;C:\Users\82104\AppData\Local\Programs\Microsoft VS Code\bin;C:\Users\82104\AppData\Local\Programs\cursor\resources\app\bin;C:\Users\82104\AppData\Roaming\npm;
USERNAME=82104
OS=Windows_NT
PROCESSOR_IDENTIFIER=Intel64 Family 6 Model 142 Stepping 11, GenuineIntel
TMP=C:\Users\82104\AppData\Local\Temp
TEMP=C:\Users\82104\AppData\Local\Temp




Periodic native trim disabled

JNI global refs:
JNI global refs: 28, weak refs: 0

JNI global refs memory usage: 835, weak refs: 201

Process memory usage:
Resident Set Size: 681496K (8% of 8177696K total physical memory with 738920K free physical memory)

OOME stack traces (most recent first):
Classloader memory used:
Loader org.gradle.internal.classloader.VisitableURLClassLoader                         : 46720K
Loader org.gradle.internal.classloader.VisitableURLClassLoader$InstrumentingVisitableURLClassLoader: 43418K
Loader bootstrap                                                                       : 30090K
Loader org.gradle.initialization.MixInLegacyTypesClassLoader                           : 13486K
Loader jdk.internal.reflect.DelegatingClassLoader                                      : 530K
Loader org.gradle.internal.classloader.VisitableURLClassLoader                         : 236K
Loader jdk.internal.loader.ClassLoaders$AppClassLoader                                 : 192K
Loader jdk.internal.loader.ClassLoaders$PlatformClassLoader                            : 190K
Loader org.gradle.groovy.scripts.internal.DefaultScriptCompilationHandler$ScriptClassLoader: 128K
Loader sun.reflect.misc.MethodUtil                                                     : 2984B

Classes loaded by more than one classloader:
Class Program                                                                         : loaded 5 times (x 72B)
Class Build_gradle                                                                    : loaded 3 times (x 126B)
Class com.google.common.collect.RegularImmutableMap$KeySet                            : loaded 2 times (x 152B)
Class org.gradle.internal.classloader.FilteringClassLoader                            : loaded 2 times (x 105B)
Class com.google.common.base.CharMatcher$IsEither                                     : loaded 2 times (x 111B)
Class org.gradle.internal.classloader.ClassLoaderHierarchy                            : loaded 2 times (x 70B)
Class com.google.common.collect.ImmutableEnumSet                                      : loaded 2 times (x 146B)
Class com.google.common.util.concurrent.ExecutionError                                : loaded 2 times (x 82B)
Class com.google.common.collect.ImmutableList$1                                       : loaded 2 times (x 97B)
Class com.google.common.collect.RegularImmutableMap                                   : loaded 2 times (x 121B)
Class com.google.common.collect.ImmutableMap$MapViewOfValuesAsSingletonSets           : loaded 2 times (x 126B)
Class com.google.common.reflect.TypeCapture                                           : loaded 2 times (x 71B)
Class [Lorg.objectweb.asm.Symbol;                                                     : loaded 2 times (x 69B)
Class org.objectweb.asm.ClassVisitor                                                  : loaded 2 times (x 88B)
Class com.google.common.collect.UnmodifiableListIterator                              : loaded 2 times (x 95B)
Class com.google.common.base.Platform$JdkPatternCompiler                              : loaded 2 times (x 75B)
Class org.objectweb.asm.MethodTooLargeException                                       : loaded 2 times (x 83B)
Class [Lcom.google.common.cache.CacheBuilder$OneWeigher;                              : loaded 2 times (x 69B)
Class com.google.common.base.Suppliers                                                : loaded 2 times (x 71B)
Class org.gradle.internal.classloader.DefaultClassLoaderFactory                       : loaded 2 times (x 82B)
Class [Lcom.google.common.collect.AbstractIterator$State;                             : loaded 2 times (x 69B)
Class [Lcom.google.common.collect.ImmutableMapEntry;                                  : loaded 2 times (x 69B)
Class [Lorg.apache.commons.io.StandardLineSeparator;                                  : loaded 2 times (x 69B)
Class org.apache.commons.io.output.StringBuilderWriter                                : loaded 2 times (x 100B)
Class com.google.common.collect.ImmutableRangeSet                                     : loaded 2 times (x 115B)
Class com.google.common.collect.ListMultimap                                          : loaded 2 times (x 70B)
Class com.google.common.collect.ImmutableEnumMap                                      : loaded 2 times (x 126B)
Class com.google.common.collect.Sets$1                                                : loaded 2 times (x 139B)
Class org.objectweb.asm.AnnotationVisitor                                             : loaded 2 times (x 78B)
Class org.gradle.api.internal.DefaultClassPathProvider                                : loaded 2 times (x 76B)
Class [Lcom.google.common.base.Function;                                              : loaded 2 times (x 69B)
Class com.google.common.collect.Maps$ViewCachingAbstractMap                           : loaded 2 times (x 125B)
Class com.google.common.collect.Sets$2                                                : loaded 2 times (x 139B)
Class [Lorg.gradle.api.internal.ClassPathProvider;                                    : loaded 2 times (x 69B)
Class org.gradle.api.internal.ClassPathProvider                                       : loaded 2 times (x 70B)
Class com.google.common.reflect.Types$ClassOwnership$1                                : loaded 2 times (x 80B)
Class [Lorg.objectweb.asm.AnnotationVisitor;                                          : loaded 2 times (x 69B)
Class com.google.common.collect.Sets$3                                                : loaded 2 times (x 139B)
Class com.google.common.cache.LocalCache$LocalLoadingCache                            : loaded 2 times (x 134B)
Class org.gradle.internal.service.UnknownServiceException                             : loaded 2 times (x 83B)
Class com.google.common.reflect.Types$ClassOwnership$2                                : loaded 2 times (x 80B)
Class com.google.common.reflect.TypeResolver                                          : loaded 2 times (x 72B)
Class com.google.common.collect.Sets$4                                                : loaded 2 times (x 139B)
Class org.objectweb.asm.ModuleVisitor                                                 : loaded 2 times (x 81B)
Class com.google.common.cache.LocalCache$Strength$1                                   : loaded 2 times (x 81B)
Class com.google.common.collect.Collections2$FilteredCollection                       : loaded 2 times (x 119B)
Class com.google.common.reflect.Types$ClassOwnership$3                                : loaded 2 times (x 71B)
Class org.apache.commons.io.output.QueueOutputStream                                  : loaded 2 times (x 87B)
Class com.google.common.util.concurrent.SettableFuture                                : loaded 2 times (x 114B)
Class com.google.common.cache.LocalCache$Strength$2                                   : loaded 2 times (x 81B)
Class [Lcom.google.common.collect.Maps$EntryFunction;                                 : loaded 2 times (x 69B)
Class com.google.common.collect.TransformedIterator                                   : loaded 2 times (x 80B)
Class com.google.common.cache.LocalCache$Strength$3                                   : loaded 2 times (x 81B)
Class com.google.common.collect.MapDifference                                         : loaded 2 times (x 70B)
Class com.google.common.reflect.Invokable                                             : loaded 2 times (x 103B)
Class org.objectweb.asm.FieldWriter                                                   : loaded 2 times (x 78B)
Class com.google.common.cache.CacheBuilder$NullListener                               : loaded 2 times (x 82B)
Class org.gradle.internal.classpath.TransformedClassPath                              : loaded 2 times (x 96B)
Class org.gradle.internal.classloader.InstrumentingClassLoader                        : loaded 2 times (x 70B)
Class com.google.common.collect.Maps$IteratorBasedAbstractMap$1                       : loaded 2 times (x 138B)
Class com.google.common.reflect.Types$ParameterizedTypeImpl                           : loaded 2 times (x 81B)
Class org.apache.commons.io.output.UnsynchronizedByteArrayOutputStream                : loaded 2 times (x 102B)
Class com.google.common.collect.ImmutableRangeSet$AsSet                               : loaded 2 times (x 300B)
Class com.google.common.cache.CacheLoader$FunctionToCacheLoader                       : loaded 2 times (x 75B)
Class com.google.common.collect.Iterators$ArrayItr                                    : loaded 2 times (x 97B)
Class com.google.common.collect.ImmutableCollection$Builder                           : loaded 2 times (x 76B)
Class com.google.common.reflect.TypeResolver$TypeVariableKey                          : loaded 2 times (x 72B)
Class org.apache.commons.io.output.ByteArrayOutputStream                              : loaded 2 times (x 102B)
Class com.google.common.base.Joiner                                                   : loaded 2 times (x 79B)
Class com.google.common.base.MoreObjects                                              : loaded 2 times (x 71B)
Class com.google.common.base.Equivalence$Identity                                     : loaded 2 times (x 82B)
Class [Lorg.objectweb.asm.Type;                                                       : loaded 2 times (x 69B)
Class com.google.common.collect.UnmodifiableIterator                                  : loaded 2 times (x 80B)
Class org.gradle.internal.service.ServiceLocator                                      : loaded 2 times (x 70B)
Class com.google.common.base.Ascii                                                    : loaded 2 times (x 71B)
Class com.google.common.collect.SingletonImmutableBiMap                               : loaded 2 times (x 143B)
Class com.google.common.cache.LocalCache$1                                            : loaded 2 times (x 89B)
Class com.google.common.collect.Iterators$SingletonIterator                           : loaded 2 times (x 81B)
Class com.google.common.collect.AbstractMapEntry                                      : loaded 2 times (x 81B)
Class com.google.common.reflect.TypeToken$SimpleTypeToken                             : loaded 2 times (x 73B)
Class com.google.common.collect.Sets$ImprovedAbstractSet                              : loaded 2 times (x 135B)
Class com.google.common.collect.ImmutableList$Builder                                 : loaded 2 times (x 77B)
Class com.google.common.collect.AbstractMultimap                                      : loaded 2 times (x 123B)
Class com.google.common.cache.LocalCache$2                                            : loaded 2 times (x 142B)
Class com.google.common.collect.ImmutableRangeSet$1                                   : loaded 2 times (x 210B)
Class com.google.common.collect.RegularImmutableAsList                                : loaded 2 times (x 217B)
Class com.google.common.base.Optional                                                 : loaded 2 times (x 80B)
Class com.google.common.collect.Range                                                 : loaded 2 times (x 87B)
Class com.google.common.util.concurrent.AbstractFuture$Trusted                        : loaded 2 times (x 70B)
Class com.google.common.collect.Iterators                                             : loaded 2 times (x 71B)
Class com.google.common.collect.Lists$StringAsImmutableList                           : loaded 2 times (x 207B)
Class com.google.common.util.concurrent.UncheckedExecutionException                   : loaded 2 times (x 82B)
Class org.gradle.kotlin.dsl.VersionCatalogAccessorsKt                                 : loaded 2 times (x 71B)
Class com.google.common.collect.AbstractMapBasedMultimap$KeySet$1                     : loaded 2 times (x 82B)
Class org.objectweb.asm.ClassWriter                                                   : loaded 2 times (x 106B)
Class com.google.common.base.CharMatcher$And                                          : loaded 2 times (x 112B)
Class com.google.common.cache.CacheLoader$UnsupportedLoadingOperationException        : loaded 2 times (x 82B)
Class com.google.common.collect.FluentIterable$1                                      : loaded 2 times (x 81B)
Class com.google.common.base.Objects                                                  : loaded 2 times (x 71B)
Class org.objectweb.asm.FieldVisitor                                                  : loaded 2 times (x 77B)
Class com.google.common.collect.IndexedImmutableSet                                   : loaded 2 times (x 152B)
Class com.google.common.collect.ImmutableMap$1                                        : loaded 2 times (x 81B)
Class com.google.common.collect.BiMap                                                 : loaded 2 times (x 70B)
Class org.gradle.api.internal.classpath.DefaultModuleRegistry$DefaultModule           : loaded 2 times (x 82B)
Class com.google.common.collect.FluentIterable$2                                      : loaded 2 times (x 81B)
Class com.google.common.base.Absent                                                   : loaded 2 times (x 80B)
Class com.google.common.reflect.Reflection                                            : loaded 2 times (x 71B)
Class com.google.common.primitives.Ints                                               : loaded 2 times (x 71B)
Class com.google.common.collect.AbstractIterator                                      : loaded 2 times (x 82B)
Class com.google.common.collect.FluentIterable$3                                      : loaded 2 times (x 81B)
Class com.google.common.collect.ObjectArrays                                          : loaded 2 times (x 71B)
Class com.google.common.math.MathPreconditions                                        : loaded 2 times (x 71B)
Class com.google.common.collect.Multiset                                              : loaded 2 times (x 70B)
Class com.google.common.collect.ArrayListMultimapGwtSerializationDependencies         : loaded 2 times (x 172B)
Class com.google.common.collect.AbstractIndexedListIterator                           : loaded 2 times (x 96B)
Class org.apache.commons.io.output.NullOutputStream                                   : loaded 2 times (x 85B)
Class com.google.common.collect.ImmutableMapEntrySet                                  : loaded 2 times (x 152B)
Class org.gradle.api.internal.classpath.Module                                        : loaded 2 times (x 70B)
Class com.google.common.cache.Weigher                                                 : loaded 2 times (x 70B)
Class org.gradle.api.internal.classpath.UnknownModuleException                        : loaded 2 times (x 82B)
Class com.google.common.base.Stopwatch                                                : loaded 2 times (x 72B)
Class com.google.common.cache.LocalCache$Strength                                     : loaded 2 times (x 81B)
Class com.google.common.cache.Cache                                                   : loaded 2 times (x 70B)
Class com.google.common.util.concurrent.AbstractFuture$Cancellation                   : loaded 2 times (x 72B)
Class com.google.common.collect.ImmutableMap$Builder                                  : loaded 2 times (x 82B)
Class com.google.common.collect.Maps$EntryFunction$1                                  : loaded 2 times (x 91B)
Class com.google.common.base.Present                                                  : loaded 2 times (x 81B)
Class com.google.common.cache.RemovalListener                                         : loaded 2 times (x 70B)
Class ijKotlinCoroutineJvmDebugInit1_apha08e173w2e52n9f331s0k1$_run_closure1$_closure2: loaded 2 times (x 139B)
Class org.gradle.api.internal.DefaultClassPathRegistry                                : loaded 2 times (x 76B)
Class com.google.common.collect.Maps$EntryFunction$2                                  : loaded 2 times (x 91B)
Class com.google.common.reflect.Invokable$ConstructorInvokable                        : loaded 2 times (x 107B)
Class com.google.common.primitives.IntsMethodsForWeb                                  : loaded 2 times (x 71B)
Class com.google.common.collect.Multimap                                              : loaded 2 times (x 70B)
Class org.gradle.internal.classpath.DefaultClassPath$ImmutableUniqueList              : loaded 2 times (x 199B)
Class org.gradle.api.internal.ClassPathRegistry                                       : loaded 2 times (x 70B)
Class com.google.common.collect.NullnessCasts                                         : loaded 2 times (x 71B)
Class com.google.common.reflect.TypeToken                                             : loaded 2 times (x 73B)
Class com.google.common.base.ExtraObjectsMethodsForWeb                                : loaded 2 times (x 71B)
Class org.apache.commons.io.IOUtils                                                   : loaded 2 times (x 71B)
Class com.google.common.collect.Platform                                              : loaded 2 times (x 71B)
Class com.google.common.cache.CacheBuilder                                            : loaded 2 times (x 72B)
Class com.google.common.collect.SingletonImmutableList                                : loaded 2 times (x 207B)
Class Settings_gradle$1                                                               : loaded 2 times (x 75B)
Class org.gradle.internal.classpath.ClassPath                                         : loaded 2 times (x 70B)
Class [Lcom.google.common.reflect.Types$JavaVersion;                                  : loaded 2 times (x 69B)
Class com.google.common.base.JdkPattern                                               : loaded 2 times (x 75B)
Class com.google.common.collect.ImmutableList$ReverseImmutableList                    : loaded 2 times (x 209B)
Class org.objectweb.asm.SymbolTable$Entry                                             : loaded 2 times (x 74B)
Class org.gradle.api.internal.classpath.DefaultModuleRegistry$DefaultModuleAlias      : loaded 2 times (x 80B)
Class org.objectweb.asm.Edge                                                          : loaded 2 times (x 72B)
Class com.google.common.base.Suppliers$SupplierOfInstance                             : loaded 2 times (x 79B)
Class com.google.common.collect.Iterators$1                                           : loaded 2 times (x 81B)
Class com.google.common.reflect.TypeToken$1                                           : loaded 2 times (x 110B)
Class com.google.common.cache.LocalCache$ComputingValueReference                      : loaded 2 times (x 96B)
Class com.google.common.collect.SingletonImmutableSet                                 : loaded 2 times (x 146B)
Class com.google.common.collect.ImmutableMap$IteratorBasedImmutableMap                : loaded 2 times (x 126B)
Class com.google.common.reflect.TypeToken$2                                           : loaded 2 times (x 110B)
Class com.google.common.cache.LocalCache$Segment                                      : loaded 2 times (x 154B)
Class ijJvmDebugger1_2lbkq0puhgnthzbn4dqt9lurj$_run_closure1$_closure2                : loaded 2 times (x 140B)
Class com.google.common.collect.SortedIterable                                        : loaded 2 times (x 70B)
Class com.google.common.collect.AbstractListMultimap                                  : loaded 2 times (x 172B)
Class [Lorg.objectweb.asm.SymbolTable$Entry;                                          : loaded 2 times (x 69B)
Class com.google.common.cache.CacheLoader                                             : loaded 2 times (x 74B)
Class com.google.common.collect.Iterators$4                                           : loaded 2 times (x 82B)
Class com.google.common.collect.ImmutableBiMap                                        : loaded 2 times (x 143B)
Class org.gradle.api.internal.classpath.ModuleRegistry                                : loaded 2 times (x 70B)
Class org.gradle.internal.installation.GradleInstallation$1                           : loaded 2 times (x 75B)
Class org.apache.commons.io.output.NullWriter                                         : loaded 2 times (x 99B)
Class com.google.common.collect.ImmutableSet$JdkBackedSetBuilderImpl                  : loaded 2 times (x 76B)
Class com.google.common.util.concurrent.internal.InternalFutureFailureAccess          : loaded 2 times (x 72B)
Class com.google.common.collect.Iterators$5                                           : loaded 2 times (x 82B)
Class com.google.common.collect.Iterators$6                                           : loaded 2 times (x 81B)
Class com.google.common.base.CharMatcher$ForPredicate                                 : loaded 2 times (x 112B)
Class com.google.common.cache.LocalCache$LocalManualCache$1                           : loaded 2 times (x 75B)
Class com.google.common.base.CharMatcher$AnyOf                                        : loaded 2 times (x 112B)
Class com.google.common.collect.ImmutableCollection                                   : loaded 2 times (x 125B)
Class org.gradle.api.internal.classpath.DefaultModuleRegistry                         : loaded 2 times (x 84B)
Class com.google.common.collect.Lists                                                 : loaded 2 times (x 71B)
Class com.google.common.util.concurrent.ListenableFuture                              : loaded 2 times (x 70B)
Class com.google.common.cache.ReferenceEntry                                          : loaded 2 times (x 70B)
Class com.google.common.base.Converter                                                : loaded 2 times (x 90B)
Class com.google.common.collect.ImmutableSet$CachingAsList                            : loaded 2 times (x 148B)
Class com.google.common.collect.AbstractMapBasedMultimap                              : loaded 2 times (x 139B)
Class com.google.common.util.concurrent.AbstractFuture                                : loaded 2 times (x 106B)
Class com.google.common.base.FunctionalEquivalence                                    : loaded 2 times (x 83B)
Class com.google.common.collect.Iterators$9                                           : loaded 2 times (x 81B)
Class com.google.common.collect.ImmutableAsList                                       : loaded 2 times (x 209B)
Class com.google.common.reflect.TypeResolver$TypeTable                                : loaded 2 times (x 73B)
Class org.objectweb.asm.RecordComponentVisitor                                        : loaded 2 times (x 77B)
Class com.google.common.cache.CacheLoader$SupplierToCacheLoader                       : loaded 2 times (x 75B)
Class com.google.common.reflect.TypeResolver$TypeTable$1                              : loaded 2 times (x 73B)
Class com.google.common.collect.Maps$EntryTransformer                                 : loaded 2 times (x 70B)
Class org.gradle.internal.service.ServiceLookupException                              : loaded 2 times (x 82B)
Class com.google.common.collect.ImmutableSortedSet                                    : loaded 2 times (x 300B)
Class [Lcom.google.common.cache.LocalCache$EntryFactory;                              : loaded 2 times (x 69B)
Class ijKotlinCoroutineJvmDebugInit1_apha08e173w2e52n9f331s0k1                        : loaded 2 times (x 171B)
Class org.gradle.internal.classloader.ClassLoaderFactory                              : loaded 2 times (x 70B)
Class org.apache.commons.io.CloseableURLConnection                                    : loaded 2 times (x 116B)
Class com.google.common.base.CommonPattern                                            : loaded 2 times (x 74B)
Class com.google.common.base.CharMatcher$IsNot                                        : loaded 2 times (x 111B)
Class com.google.common.cache.LocalCache$LocalManualCache                             : loaded 2 times (x 99B)
Class org.gradle.internal.service.CachingServiceLocator                               : loaded 2 times (x 82B)
Class com.google.common.collect.AbstractMapBasedMultimap$KeySet                       : loaded 2 times (x 137B)
Class com.google.common.collect.RegularImmutableSortedSet                             : loaded 2 times (x 300B)
Class com.google.common.math.IntMath                                                  : loaded 2 times (x 71B)
Class com.google.common.reflect.Types$TypeVariableInvocationHandler                   : loaded 2 times (x 75B)
Class com.google.common.collect.ImmutableMapEntry                                     : loaded 2 times (x 85B)
Class com.google.common.base.Predicates                                               : loaded 2 times (x 71B)
Class com.google.common.base.Equivalence                                              : loaded 2 times (x 82B)
Class com.google.common.base.Function                                                 : loaded 2 times (x 70B)
Class com.google.common.collect.ImmutableMapEntry$NonTerminalImmutableMapEntry        : loaded 2 times (x 85B)
Class ijJvmDebugger1_2lbkq0puhgnthzbn4dqt9lurj                                        : loaded 2 times (x 171B)
Class org.apache.commons.io.output.AbstractByteArrayOutputStream                      : loaded 2 times (x 102B)
Class com.google.common.collect.IndexedImmutableSet$1                                 : loaded 2 times (x 213B)
Class com.google.common.cache.CacheBuilder$OneWeigher                                 : loaded 2 times (x 82B)
Class com.google.common.collect.RegularImmutableList                                  : loaded 2 times (x 213B)
Class com.google.common.collect.Maps$EntryFunction                                    : loaded 2 times (x 91B)
Class com.google.common.reflect.Types$ClassOwnership$1LocalClass                      : loaded 2 times (x 71B)
Class org.gradle.internal.classloader.ClasspathUtil                                   : loaded 2 times (x 71B)
Class com.google.common.util.concurrent.Uninterruptibles                              : loaded 2 times (x 71B)
Class com.google.common.util.concurrent.LazyLogger                                    : loaded 2 times (x 72B)
Class com.google.common.collect.Maps                                                  : loaded 2 times (x 71B)
Class org.gradle.api.specs.Spec                                                       : loaded 2 times (x 70B)
Class com.google.common.reflect.Types$JavaVersion                                     : loaded 2 times (x 83B)
Class [Lcom.google.common.collect.ImmutableEntry;                                     : loaded 2 times (x 69B)
Class com.google.common.collect.Sets$3$1                                              : loaded 2 times (x 82B)
Class com.google.common.cache.LocalCache$LoadingValueReference                        : loaded 2 times (x 96B)
Class com.google.common.reflect.Invokable$MethodInvokable                             : loaded 2 times (x 107B)
Class com.google.common.base.Platform                                                 : loaded 2 times (x 71B)
Class [Lorg.objectweb.asm.AnnotationWriter;                                           : loaded 2 times (x 69B)
Class com.google.common.collect.Maps$8                                                : loaded 2 times (x 82B)
Class com.google.common.base.Predicates$CompositionPredicate                          : loaded 2 times (x 88B)
Class com.google.common.collect.ImmutableRangeSet$Builder                             : loaded 2 times (x 77B)
Class com.google.common.collect.Sets$SetView                                          : loaded 2 times (x 138B)
Class com.google.common.cache.LocalCache$StrongValueReference                         : loaded 2 times (x 90B)
Class org.objectweb.asm.Type                                                          : loaded 2 times (x 72B)
Class org.gradle.internal.classloader.VisitableURLClassLoader$InstrumentingVisitableURLClassLoader: loaded 2 times (x 123B)
Class com.google.common.math.IntMath$1                                                : loaded 2 times (x 71B)
Class org.objectweb.asm.ByteVector                                                    : loaded 2 times (x 79B)
Class [Lcom.google.common.cache.CacheBuilder$NullListener;                            : loaded 2 times (x 69B)
Class org.gradle.internal.classloader.VisitableURLClassLoader$Spec                    : loaded 2 times (x 74B)
Class org.gradle.internal.classpath.DefaultClassPath                                  : loaded 2 times (x 90B)
Class com.google.common.reflect.Types$ClassOwnership                                  : loaded 2 times (x 80B)
Class org.objectweb.asm.Symbol                                                        : loaded 2 times (x 73B)
Class com.google.common.io.Closer                                                     : loaded 2 times (x 78B)
Class com.google.common.collect.Sets$FilteredSet                                      : loaded 2 times (x 137B)
Class com.google.common.base.CharMatcher$BitSetMatcher                                : loaded 2 times (x 112B)
Class com.google.common.collect.RegularImmutableMap$Values                            : loaded 2 times (x 207B)
Class com.google.common.collect.ImmutableSet                                          : loaded 2 times (x 145B)
Class org.gradle.internal.classloader.ClassLoaderSpec                                 : loaded 2 times (x 71B)
Class org.objectweb.asm.AnnotationWriter                                              : loaded 2 times (x 79B)
Class com.google.common.cache.CacheStats                                              : loaded 2 times (x 71B)
Class com.google.common.io.Closer$Suppressor                                          : loaded 2 times (x 70B)
Class org.objectweb.asm.RecordComponentWriter                                         : loaded 2 times (x 78B)
Class com.google.common.util.concurrent.AbstractFuture$Listener                       : loaded 2 times (x 72B)
Class com.google.common.base.CharMatcher$Or                                           : loaded 2 times (x 112B)
Class Settings_gradle$1$1                                                             : loaded 2 times (x 75B)
Class org.gradle.api.internal.classpath.Module$ModuleAlias                            : loaded 2 times (x 70B)
Class org.objectweb.asm.Attribute                                                     : loaded 2 times (x 77B)
Class com.google.common.base.Supplier                                                 : loaded 2 times (x 70B)
Class org.gradle.internal.classloader.VisitableURLClassLoader                         : loaded 2 times (x 117B)
Class com.google.common.collect.ImmutableList$SerializedForm                          : loaded 2 times (x 73B)
Class Settings_gradle                                                                 : loaded 2 times (x 124B)
Class org.gradle.internal.Cast                                                        : loaded 2 times (x 71B)
Class org.gradle.api.Action                                                           : loaded 2 times (x 70B)
Class com.google.common.base.Strings                                                  : loaded 2 times (x 71B)
Class com.google.common.collect.Sets                                                  : loaded 2 times (x 71B)
Class org.objectweb.asm.Handler                                                       : loaded 2 times (x 72B)
Class com.google.common.base.CharMatcher$FastMatcher                                  : loaded 2 times (x 111B)
Class com.google.common.base.Ticker                                                   : loaded 2 times (x 72B)
Class [Lcom.google.common.cache.LocalCache$Segment;                                   : loaded 2 times (x 69B)
Class com.google.common.base.Predicate                                                : loaded 2 times (x 70B)
Class [Lcom.google.common.cache.LocalCache$Strength;                                  : loaded 2 times (x 69B)
Class com.google.common.cache.CacheBuilder$1                                          : loaded 2 times (x 85B)
Class com.google.common.collect.ImmutableMap                                          : loaded 2 times (x 120B)
Class org.gradle.internal.classpath.DefaultClassPath$ImmutableUniqueList$Builder      : loaded 2 times (x 75B)
Class com.google.common.collect.AbstractRangeSet                                      : loaded 2 times (x 114B)
Class com.google.common.base.CharMatcher$NegatedFastMatcher                           : loaded 2 times (x 113B)
Class com.google.common.cache.LocalCache                                              : loaded 2 times (x 187B)
Class com.google.common.cache.CacheBuilder$2                                          : loaded 2 times (x 79B)
Class com.google.common.collect.ArrayListMultimap                                     : loaded 2 times (x 172B)
Class com.google.common.cache.CacheBuilder$3                                          : loaded 2 times (x 72B)
Class [Lcom.google.common.collect.AbstractMapEntry;                                   : loaded 2 times (x 69B)
Class com.google.common.collect.ImmutableEntry                                        : loaded 2 times (x 82B)
Class org.gradle.api.GradleException                                                  : loaded 2 times (x 82B)
Class org.apache.commons.io.StandardLineSeparator                                     : loaded 2 times (x 79B)
Class com.google.common.collect.CollectPreconditions                                  : loaded 2 times (x 71B)
Class com.google.common.collect.Maps$AbstractFilteredMap                              : loaded 2 times (x 127B)
Class com.google.common.collect.SortedMapDifference                                   : loaded 2 times (x 70B)
Class com.google.common.cache.LocalCache$WriteThroughEntry                            : loaded 2 times (x 79B)
Class com.google.common.cache.LocalCache$HashIterator                                 : loaded 2 times (x 86B)
Class com.google.common.cache.LocalCache$EntryFactory                                 : loaded 2 times (x 83B)
Class com.google.common.collect.Iterables$5                                           : loaded 2 times (x 81B)
Class com.google.common.reflect.Types$NativeTypeVariableEquals                        : loaded 2 times (x 71B)
Class com.google.common.reflect.TypeParameter                                         : loaded 2 times (x 72B)
Class com.google.common.cache.LocalCache$AbstractReferenceEntry                       : loaded 2 times (x 107B)
Class org.gradle.internal.IoActions                                                   : loaded 2 times (x 71B)
Class com.google.common.collect.ImmutableRangeSet$ComplementRanges                    : loaded 2 times (x 207B)
Class org.objectweb.asm.SymbolTable                                                   : loaded 2 times (x 72B)
Class com.google.common.cache.CacheLoader$InvalidCacheLoadException                   : loaded 2 times (x 82B)
Class com.google.common.collect.ImmutableSet$RegularSetBuilderImpl                    : loaded 2 times (x 77B)
Class com.google.common.collect.FluentIterable                                        : loaded 2 times (x 81B)
Class com.google.common.cache.LocalCache$StrongEntry                                  : loaded 2 times (x 108B)
Class com.google.common.util.concurrent.AbstractFuture$TrustedFuture                  : loaded 2 times (x 114B)
Class com.google.common.cache.LoadingCache                                            : loaded 2 times (x 70B)
Class org.objectweb.asm.MethodWriter                                                  : loaded 2 times (x 106B)
Class [Lcom.google.common.cache.Weigher;                                              : loaded 2 times (x 69B)
Class com.google.common.collect.RegularImmutableMap$BucketOverflowException           : loaded 2 times (x 82B)
Class com.google.common.collect.AbstractIterator$State                                : loaded 2 times (x 79B)
Class com.google.common.reflect.Types$JavaVersion$1                                   : loaded 2 times (x 83B)
Class com.google.common.collect.RegularImmutableBiMap                                 : loaded 2 times (x 149B)
Class com.google.common.base.CharMatcher$Negated                                      : loaded 2 times (x 113B)
Class com.google.common.base.CharMatcher$Is                                           : loaded 2 times (x 111B)
Class com.google.common.cache.LocalCache$ValueReference                               : loaded 2 times (x 70B)
Class com.google.common.hash.PrimitiveSink                                            : loaded 2 times (x 70B)
Class com.google.common.reflect.Types$JavaVersion$2                                   : loaded 2 times (x 83B)
Class com.google.common.reflect.Types                                                 : loaded 2 times (x 71B)
Class com.google.common.base.PatternCompiler                                          : loaded 2 times (x 70B)
Class com.google.common.util.concurrent.AbstractFuture$Failure                        : loaded 2 times (x 72B)
Class com.google.common.base.Equivalence$Equals                                       : loaded 2 times (x 82B)
Class com.google.common.collect.Hashing                                               : loaded 2 times (x 71B)
Class com.google.common.base.Preconditions                                            : loaded 2 times (x 71B)
Class com.google.common.reflect.Types$JavaVersion$3                                   : loaded 2 times (x 83B)
Class com.google.common.base.Joiner$1                                                 : loaded 2 times (x 80B)
Class org.objectweb.asm.Label                                                         : loaded 2 times (x 73B)
Class org.objectweb.asm.CurrentFrame                                                  : loaded 2 times (x 73B)
Class org.objectweb.asm.ClassTooLargeException                                        : loaded 2 times (x 83B)
Class com.google.common.base.CharMatcher                                              : loaded 2 times (x 111B)
Class com.google.common.collect.PeekingIterator                                       : loaded 2 times (x 70B)
Class com.google.common.reflect.Types$JavaVersion$4                                   : loaded 2 times (x 83B)
Class com.google.common.collect.Maps$IteratorBasedAbstractMap                         : loaded 2 times (x 125B)
Class com.google.common.collect.RangeGwtSerializationDependencies                     : loaded 2 times (x 71B)
Class com.google.common.base.Joiner$2                                                 : loaded 2 times (x 79B)
Class org.objectweb.asm.Frame                                                         : loaded 2 times (x 73B)
Class org.objectweb.asm.MethodVisitor                                                 : loaded 2 times (x 105B)
Class com.google.common.base.CharMatcher$1                                            : loaded 2 times (x 113B)
Class com.google.common.base.CharMatcher$NamedFastMatcher                             : loaded 2 times (x 112B)
Class com.google.common.cache.LocalCache$EntryFactory$1                               : loaded 2 times (x 83B)
Class [Lcom.google.common.cache.RemovalListener;                                      : loaded 2 times (x 69B)
Class com.google.common.reflect.Types$JavaVersion$5                                   : loaded 2 times (x 71B)
Class [Lcom.google.common.reflect.Types$ClassOwnership;                               : loaded 2 times (x 69B)
Class com.google.common.collect.RangeSet                                              : loaded 2 times (x 70B)
Class com.google.common.cache.LocalCache$EntryFactory$2                               : loaded 2 times (x 83B)
Class com.google.common.collect.CollectCollectors                                     : loaded 2 times (x 71B)
Class org.objectweb.asm.ModuleWriter                                                  : loaded 2 times (x 82B)
Class com.google.common.cache.LocalCache$EntryFactory$3                               : loaded 2 times (x 83B)
Class com.google.common.base.Ticker$1                                                 : loaded 2 times (x 72B)
Class com.google.common.collect.Maps$BiMapConverter                                   : loaded 2 times (x 90B)
Class com.google.common.collect.ImmutableMapEntrySet$RegularEntrySet                  : loaded 2 times (x 152B)
Class com.google.common.collect.ImmutableSet$Builder                                  : loaded 2 times (x 85B)
Class com.google.common.base.CharMatcher$InRange                                      : loaded 2 times (x 111B)
Class com.google.common.cache.LocalCache$EntryFactory$4                               : loaded 2 times (x 83B)
Class Settings_gradle$1$1$1                                                           : loaded 2 times (x 75B)
Class com.google.common.cache.LocalCache$EntryFactory$5                               : loaded 2 times (x 83B)
Class ijKotlinCoroutineJvmDebugInit1_apha08e173w2e52n9f331s0k1$_run_closure1          : loaded 2 times (x 139B)
Class com.google.common.base.PairwiseEquivalence                                      : loaded 2 times (x 83B)
Class org.apache.commons.io.output.AppendableWriter                                   : loaded 2 times (x 100B)
Class com.google.common.cache.LocalCache$EntryFactory$6                               : loaded 2 times (x 83B)
Class org.gradle.internal.installation.CurrentGradleInstallationLocator               : loaded 2 times (x 71B)
Class org.apache.commons.io.output.ThresholdingOutputStream                           : loaded 2 times (x 95B)
Class com.google.common.collect.Maps$KeySet                                           : loaded 2 times (x 137B)
Class com.google.common.collect.ImmutableSet$EmptySetBuilderImpl                      : loaded 2 times (x 76B)
Class com.google.common.cache.LocalCache$EntryFactory$7                               : loaded 2 times (x 83B)
Class com.google.common.collect.ImmutableList                                         : loaded 2 times (x 206B)
Class org.gradle.internal.service.DefaultServiceLocator                               : loaded 2 times (x 83B)
Class com.google.common.collect.Maps$EntrySet                                         : loaded 2 times (x 136B)
Class com.google.common.cache.LocalCache$EntryFactory$8                               : loaded 2 times (x 83B)
Class com.google.common.collect.ImmutableSet$SetBuilderImpl                           : loaded 2 times (x 76B)
Class org.gradle.internal.installation.CurrentGradleInstallation                      : loaded 2 times (x 73B)
Class com.google.common.cache.CacheLoader$1                                           : loaded 2 times (x 75B)
Class com.google.common.collect.ForwardingObject                                      : loaded 2 times (x 72B)
Class com.google.common.collect.ImmutableList$SubList                                 : loaded 2 times (x 209B)
Class org.gradle.util.internal.GUtil                                                  : loaded 2 times (x 71B)
Class com.google.common.cache.AbstractCache$StatsCounter                              : loaded 2 times (x 70B)
Class com.google.common.reflect.Types$TypeVariableImpl                                : loaded 2 times (x 72B)
Class com.google.common.collect.Iterators$MergingIterator                             : loaded 2 times (x 81B)
Class com.google.common.collect.RegularImmutableSet                                   : loaded 2 times (x 149B)
Class org.gradle.internal.installation.GradleInstallation                             : loaded 2 times (x 75B)
Class com.google.common.collect.Iterables                                             : loaded 2 times (x 71B)
Class ijJvmDebugger1_2lbkq0puhgnthzbn4dqt9lurj$_run_closure1                          : loaded 2 times (x 139B)

---------------  S Y S T E M  ---------------

OS:
 Windows 11 , 64 bit Build 26100 (10.0.26100.8367)
OS uptime: 0 days 0:56 hours
Hyper-V role detected

CPU: total 8 (initial active 8) (4 cores per cpu, 2 threads per core) family 6 model 142 stepping 11 microcode 0xde, cx8, cmov, fxsr, ht, mmx, 3dnowpref, sse, sse2, sse3, ssse3, sse4.1, sse4.2, popcnt, lzcnt, tsc, tscinvbit, avx, avx2, aes, erms, clmul, bmi1, bmi2, adx, fma, vzeroupper, clflush, clflushopt, hv, rdtscp, f16c
Processor Information for the first 8 processors :
  Max Mhz: 1800, Current Mhz: 1600, Mhz Limit: 1584

Memory: 4k page, system-wide physical 7986M (676M free)
TotalPageFile size 17807M (AvailPageFile size 0M)
current process WorkingSet (physical memory assigned to process): 667M, peak: 667M
current process commit charge ("private bytes"): 904M, peak: 906M

vm_info: OpenJDK 64-Bit Server VM (21.0.10+-14961533-b1163.108) for windows-amd64 JRE (21.0.10+-14961533-b1163.108), built on 2026-03-02T19:58:50Z by "builder" with MS VC++ 16.10 / 16.11 (VS2019)

END.
